/*******************************************************************************
 * Size: 18 px
 * Bpp: 4
 * Opts: --font C:/Users/farhi/AppData/Local/Temp/nectar_ttf/Montserrat-ExtraBold.ttf --size 18 --bpp 4 --format lvgl --no-compress -r 0x20-0x7F -r 0xA0-0xFF -r 0x152-0x153 --symbols … \
  -o "$OUT/nectar_bold_18.c" --force-fast-kern-format 2>&1
echo "exit: $?"

echo "=== nectar_semibold_22 (Montserrat-SemiBold) ==="
lv_font_conv --font "$TTF_DIR/Montserrat-SemiBold.ttf" --size 22 --bpp 4 --format lvgl --no-compress \
  -r 0x20-0x7F -r 0xA0-0xFF -r 0x152-0x153 --symbols $… -o C:/Users/farhi/Documents/Projet/NECTAR_2/firmware/components/nectar_ui/src/theme/fonts/nectar_semibold_22.c --force-fast-kern-format
 ******************************************************************************/

#include "lvgl.h"

#ifndef NECTAR_SEMIBOLD_22
#define NECTAR_SEMIBOLD_22 1
#endif

#if NECTAR_SEMIBOLD_22

/*-----------------
 *    BITMAPS
 *----------------*/

/*Store the image of the glyphs*/
static LV_ATTRIBUTE_LARGE_CONST const uint8_t glyph_bitmap[] = {
    /* U+0020 " " */

    /* U+0021 "!" */
    0x4f, 0xff, 0xb3, 0xff, 0xf9, 0x1f, 0xff, 0x80,
    0xff, 0xf7, 0xf, 0xff, 0x50, 0xdf, 0xf4, 0xc,
    0xff, 0x30, 0xbf, 0xf1, 0x0, 0x11, 0x0, 0x5b,
    0x91, 0x2f, 0xff, 0x93, 0xff, 0xfa, 0x9, 0xfd,
    0x20,

    /* U+0022 "\"" */
    0x3f, 0xf9, 0x4f, 0xf8, 0x3f, 0xf8, 0x3f, 0xf8,
    0x2f, 0xf8, 0x3f, 0xf7, 0x1f, 0xf7, 0x2f, 0xf6,
    0x1f, 0xf6, 0x2f, 0xf6, 0x4, 0x41, 0x4, 0x41,

    /* U+0023 "#" */
    0x0, 0x4, 0xff, 0x30, 0x9f, 0xd0, 0x0, 0x0,
    0x5f, 0xf1, 0xb, 0xfb, 0x0, 0x0, 0x7, 0xff,
    0x0, 0xcf, 0x90, 0x1, 0xff, 0xff, 0xff, 0xff,
    0xff, 0xfd, 0x1f, 0xff, 0xff, 0xff, 0xff, 0xff,
    0xd0, 0x55, 0xef, 0xb5, 0x7f, 0xf8, 0x54, 0x0,
    0xf, 0xf7, 0x4, 0xff, 0x20, 0x0, 0x1, 0xff,
    0x50, 0x6f, 0xf0, 0x0, 0xbf, 0xff, 0xff, 0xff,
    0xff, 0xff, 0x3b, 0xff, 0xff, 0xff, 0xff, 0xff,
    0xf3, 0x35, 0xaf, 0xf5, 0x5d, 0xfc, 0x55, 0x10,
    0x9, 0xfd, 0x0, 0xef, 0x80, 0x0, 0x0, 0xbf,
    0xb0, 0xf, 0xf6, 0x0, 0x0,

    /* U+0024 "$" */
    0x0, 0x0, 0x2f, 0xf0, 0x0, 0x0, 0x0, 0x0,
    0x2f, 0xf0, 0x0, 0x0, 0x0, 0x3a, 0xef, 0xff,
    0xd8, 0x10, 0x6, 0xff, 0xff, 0xff, 0xff, 0x80,
    0x1f, 0xff, 0xfc, 0xce, 0xff, 0x20, 0x5f, 0xff,
    0x40, 0x0, 0x37, 0x0, 0x5f, 0xff, 0x91, 0x0,
    0x0, 0x0, 0x1f, 0xff, 0xff, 0xd9, 0x50, 0x0,
    0x4, 0xff, 0xff, 0xff, 0xfd, 0x30, 0x0, 0x17,
    0xbf, 0xff, 0xff, 0xe0, 0x0, 0x0, 0x0, 0x3b,
    0xff, 0xf3, 0x9, 0x71, 0x0, 0x5, 0xff, 0xf3,
    0x1f, 0xff, 0xdb, 0xcf, 0xff, 0xe0, 0x6f, 0xff,
    0xff, 0xff, 0xff, 0x40, 0x4, 0xae, 0xff, 0xfe,
    0x92, 0x0, 0x0, 0x0, 0x2f, 0xf0, 0x0, 0x0,
    0x0, 0x0, 0x2f, 0xf0, 0x0, 0x0,

    /* U+0025 "%" */
    0x3, 0xcf, 0xd5, 0x0, 0x0, 0x4f, 0xf5, 0x0,
    0x1f, 0xfc, 0xff, 0x40, 0x0, 0xef, 0xa0, 0x0,
    0x7f, 0xb0, 0x7f, 0xb0, 0x9, 0xfe, 0x10, 0x0,
    0x9f, 0x90, 0x5f, 0xd0, 0x4f, 0xf5, 0x0, 0x0,
    0x7f, 0xb0, 0x7f, 0xb0, 0xdf, 0xa0, 0x0, 0x0,
    0x1f, 0xfc, 0xff, 0x49, 0xfe, 0x10, 0x0, 0x0,
    0x3, 0xcf, 0xd5, 0x3f, 0xf5, 0x4c, 0xfc, 0x40,
    0x0, 0x0, 0x0, 0xdf, 0xb2, 0xff, 0xcf, 0xf3,
    0x0, 0x0, 0x8, 0xfe, 0x19, 0xfa, 0x9, 0xf9,
    0x0, 0x0, 0x3f, 0xf5, 0xa, 0xf7, 0x7, 0xfb,
    0x0, 0x0, 0xdf, 0xb0, 0x9, 0xf9, 0x9, 0xf9,
    0x0, 0x8, 0xff, 0x10, 0x2, 0xff, 0xcf, 0xf3,
    0x0, 0x3f, 0xf6, 0x0, 0x0, 0x4c, 0xfc, 0x40,

    /* U+0026 "&" */
    0x0, 0x5, 0xbf, 0xfd, 0x70, 0x0, 0x0, 0x0,
    0x6f, 0xff, 0xff, 0xf9, 0x0, 0x0, 0x0, 0xef,
    0xf8, 0x5f, 0xff, 0x0, 0x0, 0x0, 0xff, 0xf3,
    0xe, 0xff, 0x0, 0x0, 0x0, 0xbf, 0xfd, 0xdf,
    0xfa, 0x0, 0x0, 0x0, 0x2f, 0xff, 0xff, 0xa0,
    0x0, 0x0, 0x1, 0xcf, 0xff, 0xff, 0x30, 0xd9,
    0x40, 0xc, 0xff, 0xdd, 0xff, 0xf9, 0xff, 0xb0,
    0x4f, 0xff, 0x10, 0xbf, 0xff, 0xff, 0x50, 0x6f,
    0xff, 0x10, 0xa, 0xff, 0xfe, 0x0, 0x3f, 0xff,
    0xea, 0xbf, 0xff, 0xff, 0xa0, 0x8, 0xff, 0xff,
    0xff, 0xfe, 0xff, 0x70, 0x0, 0x4b, 0xef, 0xeb,
    0x60, 0x59, 0x0,

    /* U+0027 "'" */
    0x3f, 0xf9, 0x3f, 0xf8, 0x2f, 0xf8, 0x1f, 0xf7,
    0x1f, 0xf6, 0x4, 0x41,

    /* U+0028 "(" */
    0x0, 0xdf, 0xf6, 0x6, 0xff, 0xe0, 0xd, 0xff,
    0x80, 0x3f, 0xff, 0x20, 0x7f, 0xfe, 0x0, 0xaf,
    0xfb, 0x0, 0xcf, 0xf8, 0x0, 0xdf, 0xf7, 0x0,
    0xef, 0xf6, 0x0, 0xdf, 0xf7, 0x0, 0xcf, 0xf8,
    0x0, 0xaf, 0xfb, 0x0, 0x7f, 0xfe, 0x0, 0x3f,
    0xff, 0x20, 0xd, 0xff, 0x80, 0x6, 0xff, 0xe0,
    0x0, 0xdf, 0xf6,

    /* U+0029 ")" */
    0xc, 0xff, 0x70, 0x0, 0x4f, 0xff, 0x10, 0x0,
    0xef, 0xf7, 0x0, 0x8, 0xff, 0xd0, 0x0, 0x4f,
    0xff, 0x10, 0x1, 0xff, 0xf4, 0x0, 0xe, 0xff,
    0x60, 0x0, 0xdf, 0xf7, 0x0, 0xc, 0xff, 0x80,
    0x0, 0xdf, 0xf7, 0x0, 0xe, 0xff, 0x60, 0x1,
    0xff, 0xf4, 0x0, 0x4f, 0xff, 0x10, 0x8, 0xff,
    0xd0, 0x0, 0xdf, 0xf7, 0x0, 0x4f, 0xff, 0x10,
    0xc, 0xff, 0x80, 0x0,

    /* U+002A "*" */
    0x0, 0x5, 0x60, 0x0, 0x3, 0xf, 0xf1, 0x30,
    0x5f, 0xaf, 0xf9, 0xf7, 0x6f, 0xff, 0xff, 0xf8,
    0x7, 0xff, 0xff, 0x90, 0x9f, 0xff, 0xff, 0xfb,
    0x2d, 0x4e, 0xf4, 0xc4, 0x0, 0xf, 0xf1, 0x0,

    /* U+002B "+" */
    0x0, 0x9, 0xa8, 0x0, 0x0, 0x0, 0xef, 0xe0,
    0x0, 0x0, 0xe, 0xfe, 0x0, 0x9, 0xaa, 0xff,
    0xfa, 0xa9, 0xff, 0xff, 0xff, 0xff, 0xef, 0xff,
    0xff, 0xff, 0xfe, 0x0, 0xe, 0xfe, 0x0, 0x0,
    0x0, 0xef, 0xe0, 0x0, 0x0, 0xe, 0xfe, 0x0,
    0x0,

    /* U+002C "," */
    0x7, 0xb8, 0x5, 0xff, 0xf6, 0x7f, 0xff, 0x82,
    0xef, 0xf5, 0x9, 0xfe, 0x0, 0xdf, 0x80, 0x2f,
    0xf1, 0x0,

    /* U+002D "-" */
    0x1a, 0xaa, 0xaa, 0x12, 0xff, 0xff, 0xf2, 0x2f,
    0xff, 0xff, 0x20,

    /* U+002E "." */
    0x0, 0x0, 0x0, 0xcf, 0xc1, 0x6f, 0xff, 0x86,
    0xff, 0xf7, 0xa, 0xfb, 0x0,

    /* U+002F "/" */
    0x0, 0x0, 0x0, 0xef, 0xf2, 0x0, 0x0, 0x3,
    0xff, 0xc0, 0x0, 0x0, 0x9, 0xff, 0x70, 0x0,
    0x0, 0xe, 0xff, 0x10, 0x0, 0x0, 0x4f, 0xfb,
    0x0, 0x0, 0x0, 0xaf, 0xf6, 0x0, 0x0, 0x0,
    0xff, 0xf1, 0x0, 0x0, 0x5, 0xff, 0xb0, 0x0,
    0x0, 0xb, 0xff, 0x50, 0x0, 0x0, 0x1f, 0xff,
    0x0, 0x0, 0x0, 0x6f, 0xfa, 0x0, 0x0, 0x0,
    0xbf, 0xf4, 0x0, 0x0, 0x1, 0xff, 0xe0, 0x0,
    0x0, 0x7, 0xff, 0x90, 0x0, 0x0, 0xc, 0xff,
    0x30, 0x0, 0x0, 0x2f, 0xfe, 0x0, 0x0, 0x0,
    0x7f, 0xf8, 0x0, 0x0, 0x0,

    /* U+0030 "0" */
    0x0, 0x4, 0xbe, 0xfd, 0x70, 0x0, 0x0, 0x8f,
    0xff, 0xff, 0xfc, 0x10, 0x5, 0xff, 0xff, 0xff,
    0xff, 0xa0, 0xd, 0xff, 0xe2, 0xa, 0xff, 0xf2,
    0x2f, 0xff, 0x60, 0x1, 0xff, 0xf7, 0x4f, 0xff,
    0x30, 0x0, 0xef, 0xf9, 0x5f, 0xff, 0x30, 0x0,
    0xdf, 0xfb, 0x4f, 0xff, 0x30, 0x0, 0xef, 0xf9,
    0x2f, 0xff, 0x60, 0x1, 0xff, 0xf7, 0xd, 0xff,
    0xe2, 0xa, 0xff, 0xf2, 0x5, 0xff, 0xff, 0xff,
    0xff, 0xa0, 0x0, 0x8f, 0xff, 0xff, 0xfc, 0x10,
    0x0, 0x4, 0xbe, 0xfd, 0x70, 0x0,

    /* U+0031 "1" */
    0xef, 0xff, 0xff, 0xe, 0xff, 0xff, 0xf0, 0xbc,
    0xef, 0xff, 0x0, 0x8, 0xff, 0xf0, 0x0, 0x8f,
    0xff, 0x0, 0x8, 0xff, 0xf0, 0x0, 0x8f, 0xff,
    0x0, 0x8, 0xff, 0xf0, 0x0, 0x8f, 0xff, 0x0,
    0x8, 0xff, 0xf0, 0x0, 0x8f, 0xff, 0x0, 0x8,
    0xff, 0xf0, 0x0, 0x8f, 0xff, 0x0,

    /* U+0032 "2" */
    0x0, 0x17, 0xce, 0xfd, 0x81, 0x0, 0x3, 0xef,
    0xff, 0xff, 0xfe, 0x20, 0xd, 0xff, 0xff, 0xff,
    0xff, 0xb0, 0x1, 0x9e, 0x40, 0x1d, 0xff, 0xf0,
    0x0, 0x0, 0x0, 0xa, 0xff, 0xe0, 0x0, 0x0,
    0x0, 0x2f, 0xff, 0xb0, 0x0, 0x0, 0x1, 0xdf,
    0xff, 0x20, 0x0, 0x0, 0x2e, 0xff, 0xf4, 0x0,
    0x0, 0x2, 0xef, 0xff, 0x40, 0x0, 0x0, 0x3e,
    0xff, 0xf3, 0x0, 0x0, 0x3, 0xff, 0xff, 0xed,
    0xdd, 0xd4, 0x7, 0xff, 0xff, 0xff, 0xff, 0xf5,
    0x7, 0xff, 0xff, 0xff, 0xff, 0xf5,

    /* U+0033 "3" */
    0x6, 0xff, 0xff, 0xff, 0xff, 0xb0, 0x6, 0xff,
    0xff, 0xff, 0xff, 0xb0, 0x5, 0xcc, 0xcc, 0xef,
    0xff, 0x60, 0x0, 0x0, 0x2, 0xff, 0xf8, 0x0,
    0x0, 0x0, 0x2e, 0xff, 0x90, 0x0, 0x0, 0x0,
    0xaf, 0xff, 0xc5, 0x0, 0x0, 0x0, 0xbf, 0xff,
    0xff, 0x70, 0x0, 0x0, 0x58, 0x9f, 0xff, 0xf1,
    0x0, 0x0, 0x0, 0x6, 0xff, 0xf4, 0x0, 0xc5,
    0x0, 0xa, 0xff, 0xf3, 0x7, 0xff, 0xfe, 0xff,
    0xff, 0xd0, 0xd, 0xff, 0xff, 0xff, 0xfe, 0x30,
    0x1, 0x7b, 0xef, 0xfd, 0x81, 0x0,

    /* U+0034 "4" */
    0x0, 0x0, 0x3, 0xff, 0xf8, 0x0, 0x0, 0x0,
    0x0, 0xdf, 0xfd, 0x0, 0x0, 0x0, 0x0, 0x8f,
    0xff, 0x30, 0x0, 0x0, 0x0, 0x3f, 0xff, 0x90,
    0x0, 0x0, 0x0, 0xd, 0xff, 0xe0, 0x0, 0x0,
    0x0, 0x8, 0xff, 0xf4, 0x35, 0x53, 0x0, 0x3,
    0xff, 0xfa, 0xc, 0xff, 0xa0, 0x0, 0xdf, 0xfe,
    0x10, 0xcf, 0xfa, 0x0, 0x6f, 0xff, 0xff, 0xff,
    0xff, 0xff, 0x78, 0xff, 0xff, 0xff, 0xff, 0xff,
    0xf7, 0x6d, 0xdd, 0xdd, 0xdf, 0xff, 0xfd, 0x60,
    0x0, 0x0, 0x0, 0xdf, 0xfa, 0x0, 0x0, 0x0,
    0x0, 0xd, 0xff, 0xa0, 0x0,

    /* U+0035 "5" */
    0x5, 0xff, 0xff, 0xff, 0xfb, 0x0, 0x6f, 0xff,
    0xff, 0xff, 0xb0, 0x8, 0xff, 0xec, 0xcc, 0xc8,
    0x0, 0x9f, 0xf9, 0x0, 0x0, 0x0, 0xa, 0xff,
    0x80, 0x0, 0x0, 0x0, 0xcf, 0xff, 0xfe, 0xb5,
    0x0, 0xd, 0xff, 0xff, 0xff, 0xfa, 0x0, 0xbc,
    0xcc, 0xef, 0xff, 0xf3, 0x0, 0x0, 0x0, 0x4f,
    0xff, 0x70, 0x96, 0x10, 0x6, 0xff, 0xf6, 0x3f,
    0xff, 0xff, 0xff, 0xff, 0x1a, 0xff, 0xff, 0xff,
    0xff, 0x60, 0x6, 0xae, 0xff, 0xd9, 0x30, 0x0,

    /* U+0036 "6" */
    0x0, 0x1, 0x7c, 0xef, 0xdb, 0x50, 0x0, 0x3e,
    0xff, 0xff, 0xff, 0xb0, 0x2, 0xef, 0xff, 0xfd,
    0xff, 0x20, 0xa, 0xff, 0xf5, 0x0, 0x3, 0x0,
    0x1f, 0xff, 0x74, 0x78, 0x50, 0x0, 0x4f, 0xff,
    0xef, 0xff, 0xfd, 0x20, 0x5f, 0xff, 0xff, 0xff,
    0xff, 0xd0, 0x5f, 0xff, 0xe2, 0x9, 0xff, 0xf3,
    0x3f, 0xff, 0x80, 0x1, 0xff, 0xf5, 0xe, 0xff,
    0xa0, 0x4, 0xff, 0xf4, 0x7, 0xff, 0xfb, 0x9f,
    0xff, 0xe0, 0x0, 0xaf, 0xff, 0xff, 0xff, 0x30,
    0x0, 0x5, 0xbe, 0xfe, 0x92, 0x0,

    /* U+0037 "7" */
    0x9f, 0xff, 0xff, 0xff, 0xff, 0xd9, 0xff, 0xff,
    0xff, 0xff, 0xfd, 0x9f, 0xfe, 0xdd, 0xef, 0xff,
    0xb9, 0xff, 0x70, 0x7, 0xff, 0xf5, 0x8e, 0xe6,
    0x0, 0xef, 0xfe, 0x0, 0x0, 0x0, 0x5f, 0xff,
    0x80, 0x0, 0x0, 0xc, 0xff, 0xf1, 0x0, 0x0,
    0x2, 0xff, 0xfb, 0x0, 0x0, 0x0, 0x9f, 0xff,
    0x40, 0x0, 0x0, 0xf, 0xff, 0xd0, 0x0, 0x0,
    0x6, 0xff, 0xf7, 0x0, 0x0, 0x0, 0xdf, 0xff,
    0x10, 0x0, 0x0, 0x4f, 0xff, 0x90, 0x0, 0x0,

    /* U+0038 "8" */
    0x0, 0x19, 0xdf, 0xfd, 0x91, 0x0, 0x3, 0xff,
    0xff, 0xff, 0xff, 0x30, 0xc, 0xff, 0xf9, 0x9f,
    0xff, 0xc0, 0xf, 0xff, 0x90, 0x8, 0xff, 0xf0,
    0xd, 0xff, 0xc1, 0x1c, 0xff, 0xd0, 0x4, 0xff,
    0xff, 0xff, 0xff, 0x50, 0x4, 0xef, 0xff, 0xff,
    0xff, 0x40, 0x1f, 0xff, 0xd6, 0x6d, 0xff, 0xf1,
    0x6f, 0xff, 0x30, 0x3, 0xff, 0xf6, 0x6f, 0xff,
    0x40, 0x4, 0xff, 0xf6, 0x1f, 0xff, 0xf9, 0x9e,
    0xff, 0xf2, 0x6, 0xff, 0xff, 0xff, 0xff, 0x60,
    0x0, 0x29, 0xdf, 0xfd, 0x93, 0x0,

    /* U+0039 "9" */
    0x0, 0x5b, 0xef, 0xd9, 0x20, 0x0, 0x9, 0xff,
    0xff, 0xff, 0xf5, 0x0, 0x5f, 0xff, 0xc9, 0xdf,
    0xff, 0x20, 0xaf, 0xfd, 0x0, 0xe, 0xff, 0x90,
    0xaf, 0xfe, 0x0, 0xe, 0xff, 0xe0, 0x7f, 0xff,
    0xd9, 0xdf, 0xff, 0xf0, 0xc, 0xff, 0xff, 0xff,
    0xff, 0xf0, 0x0, 0x8d, 0xfe, 0x9b, 0xff, 0xe0,
    0x0, 0x0, 0x0, 0xe, 0xff, 0xb0, 0x1, 0x30,
    0x1, 0xbf, 0xff, 0x50, 0x8, 0xfe, 0xef, 0xff,
    0xfb, 0x0, 0x1f, 0xff, 0xff, 0xff, 0xb1, 0x0,
    0x7, 0xce, 0xfe, 0xb5, 0x0, 0x0,

    /* U+003A ":" */
    0xb, 0xfb, 0x16, 0xff, 0xf7, 0x6f, 0xff, 0x80,
    0xcf, 0xc1, 0x0, 0x0, 0x0, 0x0, 0x0, 0xc,
    0xfc, 0x16, 0xff, 0xf8, 0x6f, 0xff, 0x70, 0xaf,
    0xb0,

    /* U+003B ";" */
    0xb, 0xfb, 0x16, 0xff, 0xf7, 0x6f, 0xff, 0x80,
    0xcf, 0xc1, 0x0, 0x0, 0x0, 0x0, 0x0, 0xa,
    0xfb, 0x16, 0xff, 0xf7, 0x6f, 0xff, 0x80, 0xcf,
    0xf4, 0xa, 0xfd, 0x0, 0xef, 0x60, 0x2c, 0xb0,
    0x0,

    /* U+003C "<" */
    0x0, 0x0, 0x0, 0x0, 0x0, 0x0, 0x0, 0x2,
    0x8c, 0x0, 0x1, 0x6c, 0xff, 0xe0, 0x4a, 0xff,
    0xff, 0xfb, 0xdf, 0xff, 0xfd, 0x71, 0xf, 0xff,
    0xc2, 0x0, 0x0, 0xff, 0xff, 0xd8, 0x20, 0x3,
    0x9e, 0xff, 0xff, 0xc6, 0x0, 0x5, 0xbf, 0xff,
    0xe0, 0x0, 0x0, 0x17, 0xde, 0x0, 0x0, 0x0,
    0x0, 0x20,

    /* U+003D "=" */
    0xff, 0xff, 0xff, 0xff, 0xef, 0xff, 0xff, 0xff,
    0xfe, 0x9a, 0xaa, 0xaa, 0xaa, 0x90, 0x0, 0x0,
    0x0, 0x0, 0x9a, 0xaa, 0xaa, 0xaa, 0x9f, 0xff,
    0xff, 0xff, 0xfe, 0xff, 0xff, 0xff, 0xff, 0xe0,

    /* U+003E ">" */
    0x0, 0x0, 0x0, 0x0, 0xd, 0x82, 0x0, 0x0,
    0x0, 0xff, 0xfc, 0x60, 0x0, 0xb, 0xff, 0xff,
    0xfa, 0x40, 0x1, 0x7d, 0xff, 0xff, 0xd0, 0x0,
    0x3, 0xcf, 0xfe, 0x0, 0x28, 0xef, 0xff, 0xe7,
    0xcf, 0xff, 0xfe, 0x93, 0xff, 0xff, 0xb5, 0x0,
    0xf, 0xc6, 0x10, 0x0, 0x0, 0x20, 0x0, 0x0,
    0x0, 0x0,

    /* U+003F "?" */
    0x0, 0x17, 0xce, 0xfe, 0xa3, 0x0, 0x3e, 0xff,
    0xff, 0xff, 0xf4, 0xd, 0xff, 0xfd, 0xef, 0xff,
    0xc0, 0x18, 0xe3, 0x0, 0xcf, 0xff, 0x0, 0x0,
    0x0, 0xc, 0xff, 0xc0, 0x0, 0x0, 0xa, 0xff,
    0xf3, 0x0, 0x0, 0x8, 0xff, 0xf3, 0x0, 0x0,
    0x1, 0xff, 0xf4, 0x0, 0x0, 0x0, 0x3, 0x33,
    0x0, 0x0, 0x0, 0x0, 0x8b, 0x70, 0x0, 0x0,
    0x0, 0x7f, 0xff, 0x50, 0x0, 0x0, 0x8, 0xff,
    0xf6, 0x0, 0x0, 0x0, 0x1c, 0xfa, 0x0, 0x0,

    /* U+0040 "@" */
    0x0, 0x0, 0x3, 0x8c, 0xef, 0xec, 0x82, 0x0,
    0x0, 0x0, 0x0, 0x1a, 0xff, 0xff, 0xff, 0xff,
    0xf9, 0x0, 0x0, 0x0, 0x1d, 0xff, 0xb4, 0x20,
    0x24, 0xaf, 0xfc, 0x0, 0x0, 0xc, 0xff, 0x40,
    0x0, 0x0, 0x0, 0x3e, 0xfa, 0x0, 0x6, 0xff,
    0x50, 0x4, 0x75, 0x7, 0x77, 0x3f, 0xf4, 0x0,
    0xdf, 0xa0, 0x2d, 0xff, 0xfd, 0xff, 0xf0, 0xaf,
    0xa0, 0x2f, 0xf4, 0xd, 0xff, 0xff, 0xff, 0xff,
    0x4, 0xfe, 0x4, 0xff, 0x14, 0xff, 0xe3, 0x8,
    0xff, 0xf0, 0x2f, 0xf0, 0x5f, 0xf0, 0x7f, 0xf9,
    0x0, 0xf, 0xff, 0x2, 0xff, 0x4, 0xff, 0x16,
    0xff, 0xa0, 0x1, 0xff, 0xf0, 0x4f, 0xd0, 0x2f,
    0xf4, 0x2f, 0xff, 0x85, 0xcf, 0xff, 0x7c, 0xf8,
    0x0, 0xdf, 0xa0, 0x8f, 0xff, 0xff, 0xcf, 0xff,
    0xfe, 0x10, 0x6, 0xff, 0x40, 0x6d, 0xfd, 0x60,
    0x9e, 0xfa, 0x20, 0x0, 0xd, 0xfe, 0x40, 0x0,
    0x0, 0x0, 0x0, 0x0, 0x0, 0x0, 0x2e, 0xff,
    0xa4, 0x10, 0x26, 0xc1, 0x0, 0x0, 0x0, 0x0,
    0x1b, 0xff, 0xff, 0xff, 0xff, 0x60, 0x0, 0x0,
    0x0, 0x0, 0x3, 0x9d, 0xef, 0xec, 0x82, 0x0,
    0x0, 0x0,

    /* U+0041 "A" */
    0x0, 0x0, 0x0, 0xef, 0xff, 0x10, 0x0, 0x0,
    0x0, 0x0, 0x5, 0xff, 0xff, 0x70, 0x0, 0x0,
    0x0, 0x0, 0xc, 0xff, 0xff, 0xe0, 0x0, 0x0,
    0x0, 0x0, 0x2f, 0xff, 0xff, 0xf5, 0x0, 0x0,
    0x0, 0x0, 0x9f, 0xfb, 0xaf, 0xfb, 0x0, 0x0,
    0x0, 0x1, 0xff, 0xf5, 0x4f, 0xff, 0x20, 0x0,
    0x0, 0x7, 0xff, 0xf0, 0xe, 0xff, 0x90, 0x0,
    0x0, 0xe, 0xff, 0x90, 0x8, 0xff, 0xf1, 0x0,
    0x0, 0x5f, 0xff, 0xff, 0xff, 0xff, 0xf7, 0x0,
    0x0, 0xcf, 0xff, 0xff, 0xff, 0xff, 0xfe, 0x0,
    0x2, 0xff, 0xfb, 0xaa, 0xaa, 0xbf, 0xff, 0x50,
    0x9, 0xff, 0xf0, 0x0, 0x0, 0xe, 0xff, 0xc0,
    0x1f, 0xff, 0x90, 0x0, 0x0, 0x8, 0xff, 0xf3,

    /* U+0042 "B" */
    0xbf, 0xff, 0xff, 0xff, 0xd8, 0x0, 0xb, 0xff,
    0xff, 0xff, 0xff, 0xfd, 0x0, 0xbf, 0xfe, 0x99,
    0xae, 0xff, 0xf7, 0xb, 0xff, 0xc0, 0x0, 0x1f,
    0xff, 0x90, 0xbf, 0xfc, 0x0, 0x1, 0xff, 0xf7,
    0xb, 0xff, 0xe7, 0x78, 0xdf, 0xfe, 0x10, 0xbf,
    0xff, 0xff, 0xff, 0xff, 0x50, 0xb, 0xff, 0xff,
    0xff, 0xff, 0xff, 0x60, 0xbf, 0xfc, 0x0, 0x1,
    0xaf, 0xff, 0xb, 0xff, 0xc0, 0x0, 0x7, 0xff,
    0xf3, 0xbf, 0xfe, 0x99, 0x9a, 0xff, 0xff, 0x1b,
    0xff, 0xff, 0xff, 0xff, 0xff, 0x80, 0xbf, 0xff,
    0xff, 0xff, 0xeb, 0x50, 0x0,

    /* U+0043 "C" */
    0x0, 0x0, 0x5b, 0xef, 0xeb, 0x60, 0x0, 0x2,
    0xdf, 0xff, 0xff, 0xff, 0xd2, 0x1, 0xef, 0xff,
    0xff, 0xff, 0xff, 0xa0, 0xaf, 0xff, 0xb2, 0x1,
    0x7f, 0xa0, 0x1f, 0xff, 0xc0, 0x0, 0x0, 0x20,
    0x4, 0xff, 0xf5, 0x0, 0x0, 0x0, 0x0, 0x5f,
    0xff, 0x30, 0x0, 0x0, 0x0, 0x4, 0xff, 0xf5,
    0x0, 0x0, 0x0, 0x0, 0x1f, 0xff, 0xc0, 0x0,
    0x0, 0x20, 0x0, 0xaf, 0xff, 0xb2, 0x1, 0x7f,
    0xa0, 0x1, 0xef, 0xff, 0xff, 0xff, 0xff, 0xa0,
    0x2, 0xdf, 0xff, 0xff, 0xff, 0xd2, 0x0, 0x0,
    0x6b, 0xef, 0xeb, 0x60, 0x0,

    /* U+0044 "D" */
    0xbf, 0xff, 0xff, 0xfd, 0xa5, 0x0, 0x0, 0xbf,
    0xff, 0xff, 0xff, 0xff, 0xc1, 0x0, 0xbf, 0xff,
    0xee, 0xff, 0xff, 0xfd, 0x0, 0xbf, 0xfd, 0x0,
    0x2, 0xcf, 0xff, 0x80, 0xbf, 0xfd, 0x0, 0x0,
    0xd, 0xff, 0xe0, 0xbf, 0xfd, 0x0, 0x0, 0x8,
    0xff, 0xf2, 0xbf, 0xfd, 0x0, 0x0, 0x6, 0xff,
    0xf3, 0xbf, 0xfd, 0x0, 0x0, 0x8, 0xff, 0xf2,
    0xbf, 0xfd, 0x0, 0x0, 0xd, 0xff, 0xe0, 0xbf,
    0xfd, 0x0, 0x2, 0xbf, 0xff, 0x80, 0xbf, 0xff,
    0xdd, 0xef, 0xff, 0xfd, 0x10, 0xbf, 0xff, 0xff,
    0xff, 0xff, 0xc2, 0x0, 0xbf, 0xff, 0xff, 0xfd,
    0xa5, 0x0, 0x0,

    /* U+0045 "E" */
    0xbf, 0xff, 0xff, 0xff, 0xff, 0x2b, 0xff, 0xff,
    0xff, 0xff, 0xf2, 0xbf, 0xff, 0xcc, 0xcc, 0xcc,
    0x1b, 0xff, 0xc0, 0x0, 0x0, 0x0, 0xbf, 0xfc,
    0x0, 0x0, 0x0, 0xb, 0xff, 0xeb, 0xbb, 0xbb,
    0x40, 0xbf, 0xff, 0xff, 0xff, 0xf6, 0xb, 0xff,
    0xff, 0xff, 0xff, 0x60, 0xbf, 0xfc, 0x0, 0x0,
    0x0, 0xb, 0xff, 0xc0, 0x0, 0x0, 0x0, 0xbf,
    0xff, 0xcc, 0xcc, 0xcc, 0x4b, 0xff, 0xff, 0xff,
    0xff, 0xf6, 0xbf, 0xff, 0xff, 0xff, 0xff, 0x60,

    /* U+0046 "F" */
    0xbf, 0xff, 0xff, 0xff, 0xff, 0x2b, 0xff, 0xff,
    0xff, 0xff, 0xf2, 0xbf, 0xff, 0xcc, 0xcc, 0xcc,
    0x1b, 0xff, 0xd0, 0x0, 0x0, 0x0, 0xbf, 0xfd,
    0x0, 0x0, 0x0, 0xb, 0xff, 0xd0, 0x0, 0x0,
    0x0, 0xbf, 0xff, 0xff, 0xff, 0xf6, 0xb, 0xff,
    0xff, 0xff, 0xff, 0x60, 0xbf, 0xff, 0xcc, 0xcc,
    0xc4, 0xb, 0xff, 0xd0, 0x0, 0x0, 0x0, 0xbf,
    0xfd, 0x0, 0x0, 0x0, 0xb, 0xff, 0xd0, 0x0,
    0x0, 0x0, 0xbf, 0xfd, 0x0, 0x0, 0x0, 0x0,

    /* U+0047 "G" */
    0x0, 0x0, 0x5b, 0xef, 0xec, 0x71, 0x0, 0x0,
    0x2c, 0xff, 0xff, 0xff, 0xfe, 0x40, 0x1, 0xef,
    0xff, 0xff, 0xff, 0xff, 0xc0, 0xa, 0xff, 0xfb,
    0x30, 0x5, 0xec, 0x0, 0x1f, 0xff, 0xc0, 0x0,
    0x0, 0x10, 0x0, 0x4f, 0xff, 0x50, 0x0, 0x0,
    0x0, 0x0, 0x5f, 0xff, 0x30, 0x0, 0x3, 0xcc,
    0xa0, 0x4f, 0xff, 0x50, 0x0, 0x4, 0xff, 0xd0,
    0x1f, 0xff, 0xc0, 0x0, 0x4, 0xff, 0xd0, 0xa,
    0xff, 0xfb, 0x30, 0x7, 0xff, 0xd0, 0x1, 0xef,
    0xff, 0xff, 0xff, 0xff, 0xd0, 0x0, 0x2d, 0xff,
    0xff, 0xff, 0xff, 0x80, 0x0, 0x0, 0x6b, 0xef,
    0xec, 0x82, 0x0,

    /* U+0048 "H" */
    0xbf, 0xfd, 0x0, 0x0, 0x5f, 0xff, 0x4b, 0xff,
    0xd0, 0x0, 0x5, 0xff, 0xf4, 0xbf, 0xfd, 0x0,
    0x0, 0x5f, 0xff, 0x4b, 0xff, 0xd0, 0x0, 0x5,
    0xff, 0xf4, 0xbf, 0xfd, 0x0, 0x0, 0x5f, 0xff,
    0x4b, 0xff, 0xff, 0xff, 0xff, 0xff, 0xf4, 0xbf,
    0xff, 0xff, 0xff, 0xff, 0xff, 0x4b, 0xff, 0xff,
    0xff, 0xff, 0xff, 0xf4, 0xbf, 0xfd, 0x0, 0x0,
    0x5f, 0xff, 0x4b, 0xff, 0xd0, 0x0, 0x5, 0xff,
    0xf4, 0xbf, 0xfd, 0x0, 0x0, 0x5f, 0xff, 0x4b,
    0xff, 0xd0, 0x0, 0x5, 0xff, 0xf4, 0xbf, 0xfd,
    0x0, 0x0, 0x5f, 0xff, 0x40,

    /* U+0049 "I" */
    0xbf, 0xfd, 0xbf, 0xfd, 0xbf, 0xfd, 0xbf, 0xfd,
    0xbf, 0xfd, 0xbf, 0xfd, 0xbf, 0xfd, 0xbf, 0xfd,
    0xbf, 0xfd, 0xbf, 0xfd, 0xbf, 0xfd, 0xbf, 0xfd,
    0xbf, 0xfd,

    /* U+004A "J" */
    0x0, 0xff, 0xff, 0xff, 0xfe, 0x0, 0xff, 0xff,
    0xff, 0xfe, 0x0, 0xcc, 0xcc, 0xef, 0xfe, 0x0,
    0x0, 0x0, 0xaf, 0xfe, 0x0, 0x0, 0x0, 0xaf,
    0xfe, 0x0, 0x0, 0x0, 0xaf, 0xfe, 0x0, 0x0,
    0x0, 0xaf, 0xfe, 0x0, 0x0, 0x0, 0xaf, 0xfe,
    0x0, 0x0, 0x0, 0xbf, 0xfd, 0x1, 0xd5, 0x1,
    0xef, 0xfb, 0xc, 0xff, 0xef, 0xff, 0xf6, 0x1d,
    0xff, 0xff, 0xff, 0xc0, 0x0, 0x7d, 0xff, 0xd8,
    0x0,

    /* U+004B "K" */
    0xbf, 0xfc, 0x0, 0x0, 0xcf, 0xff, 0x3b, 0xff,
    0xc0, 0x0, 0xaf, 0xff, 0x40, 0xbf, 0xfc, 0x0,
    0x9f, 0xff, 0x50, 0xb, 0xff, 0xc0, 0x7f, 0xff,
    0x70, 0x0, 0xbf, 0xfc, 0x6f, 0xff, 0x90, 0x0,
    0xb, 0xff, 0xef, 0xff, 0xb0, 0x0, 0x0, 0xbf,
    0xff, 0xff, 0xfe, 0x10, 0x0, 0xb, 0xff, 0xff,
    0xff, 0xfb, 0x0, 0x0, 0xbf, 0xff, 0xdb, 0xff,
    0xf8, 0x0, 0xb, 0xff, 0xe1, 0x1e, 0xff, 0xf4,
    0x0, 0xbf, 0xfc, 0x0, 0x3f, 0xff, 0xe1, 0xb,
    0xff, 0xc0, 0x0, 0x6f, 0xff, 0xb0, 0xbf, 0xfc,
    0x0, 0x0, 0xaf, 0xff, 0x70,

    /* U+004C "L" */
    0xbf, 0xfd, 0x0, 0x0, 0x0, 0xbf, 0xfd, 0x0,
    0x0, 0x0, 0xbf, 0xfd, 0x0, 0x0, 0x0, 0xbf,
    0xfd, 0x0, 0x0, 0x0, 0xbf, 0xfd, 0x0, 0x0,
    0x0, 0xbf, 0xfd, 0x0, 0x0, 0x0, 0xbf, 0xfd,
    0x0, 0x0, 0x0, 0xbf, 0xfd, 0x0, 0x0, 0x0,
    0xbf, 0xfd, 0x0, 0x0, 0x0, 0xbf, 0xfd, 0x0,
    0x0, 0x0, 0xbf, 0xff, 0xdd, 0xdd, 0xdb, 0xbf,
    0xff, 0xff, 0xff, 0xfd, 0xbf, 0xff, 0xff, 0xff,
    0xfd,

    /* U+004D "M" */
    0xbf, 0xf7, 0x0, 0x0, 0x0, 0x5, 0xff, 0xdb,
    0xff, 0xf1, 0x0, 0x0, 0x0, 0xef, 0xfe, 0xbf,
    0xff, 0xa0, 0x0, 0x0, 0x7f, 0xff, 0xeb, 0xff,
    0xff, 0x40, 0x0, 0x1f, 0xff, 0xfe, 0xbf, 0xff,
    0xfd, 0x0, 0xa, 0xff, 0xff, 0xeb, 0xff, 0xff,
    0xf6, 0x3, 0xff, 0xff, 0xfe, 0xbf, 0xfd, 0xff,
    0xe1, 0xcf, 0xfc, 0xff, 0xeb, 0xff, 0x8b, 0xff,
    0xdf, 0xfc, 0x6f, 0xfe, 0xbf, 0xf8, 0x2f, 0xff,
    0xff, 0x36, 0xff, 0xeb, 0xff, 0x80, 0x8f, 0xff,
    0xa0, 0x6f, 0xfe, 0xbf, 0xf8, 0x0, 0xef, 0xf1,
    0x6, 0xff, 0xeb, 0xff, 0x80, 0x4, 0xb6, 0x0,
    0x5f, 0xfe, 0xbf, 0xf8, 0x0, 0x0, 0x0, 0x5,
    0xff, 0xe0,

    /* U+004E "N" */
    0xbf, 0xf9, 0x0, 0x0, 0x4f, 0xff, 0x4b, 0xff,
    0xf6, 0x0, 0x4, 0xff, 0xf4, 0xbf, 0xff, 0xf3,
    0x0, 0x4f, 0xff, 0x4b, 0xff, 0xff, 0xe1, 0x4,
    0xff, 0xf4, 0xbf, 0xff, 0xff, 0xc0, 0x4f, 0xff,
    0x4b, 0xff, 0xff, 0xff, 0x94, 0xff, 0xf4, 0xbf,
    0xfc, 0xdf, 0xff, 0xaf, 0xff, 0x4b, 0xff, 0xc2,
    0xff, 0xff, 0xff, 0xf4, 0xbf, 0xfc, 0x4, 0xff,
    0xff, 0xff, 0x4b, 0xff, 0xc0, 0x8, 0xff, 0xff,
    0xf4, 0xbf, 0xfc, 0x0, 0xb, 0xff, 0xff, 0x4b,
    0xff, 0xc0, 0x0, 0xd, 0xff, 0xf4, 0xbf, 0xfc,
    0x0, 0x0, 0x2f, 0xff, 0x40,

    /* U+004F "O" */
    0x0, 0x0, 0x5b, 0xef, 0xec, 0x70, 0x0, 0x0,
    0x2, 0xcf, 0xff, 0xff, 0xff, 0xe4, 0x0, 0x1,
    0xef, 0xff, 0xff, 0xff, 0xff, 0xf3, 0x0, 0xaf,
    0xff, 0xb2, 0x1, 0x8f, 0xff, 0xd0, 0x1f, 0xff,
    0xc0, 0x0, 0x0, 0x8f, 0xff, 0x44, 0xff, 0xf5,
    0x0, 0x0, 0x2, 0xff, 0xf8, 0x5f, 0xff, 0x30,
    0x0, 0x0, 0xf, 0xff, 0x94, 0xff, 0xf5, 0x0,
    0x0, 0x2, 0xff, 0xf8, 0x1f, 0xff, 0xc0, 0x0,
    0x0, 0x8f, 0xff, 0x40, 0xaf, 0xff, 0xa2, 0x1,
    0x8f, 0xff, 0xd0, 0x1, 0xef, 0xff, 0xff, 0xff,
    0xff, 0xf3, 0x0, 0x2, 0xdf, 0xff, 0xff, 0xff,
    0xe4, 0x0, 0x0, 0x0, 0x5b, 0xef, 0xec, 0x70,
    0x0, 0x0,

    /* U+0050 "P" */
    0xbf, 0xff, 0xff, 0xfd, 0x81, 0x0, 0xbf, 0xff,
    0xff, 0xff, 0xff, 0x40, 0xbf, 0xff, 0xdd, 0xef,
    0xff, 0xe0, 0xbf, 0xfd, 0x0, 0x8, 0xff, 0xf6,
    0xbf, 0xfd, 0x0, 0x0, 0xff, 0xf9, 0xbf, 0xfd,
    0x0, 0x1, 0xff, 0xf8, 0xbf, 0xfd, 0x0, 0x1a,
    0xff, 0xf5, 0xbf, 0xff, 0xff, 0xff, 0xff, 0xd0,
    0xbf, 0xff, 0xff, 0xff, 0xfd, 0x20, 0xbf, 0xff,
    0xdd, 0xca, 0x60, 0x0, 0xbf, 0xfd, 0x0, 0x0,
    0x0, 0x0, 0xbf, 0xfd, 0x0, 0x0, 0x0, 0x0,
    0xbf, 0xfd, 0x0, 0x0, 0x0, 0x0,

    /* U+0051 "Q" */
    0x0, 0x0, 0x5b, 0xef, 0xec, 0x60, 0x0, 0x0,
    0x0, 0x1c, 0xff, 0xff, 0xff, 0xfe, 0x30, 0x0,
    0x1, 0xdf, 0xff, 0xff, 0xff, 0xff, 0xf3, 0x0,
    0x9, 0xff, 0xfb, 0x20, 0x19, 0xff, 0xfd, 0x0,
    0xf, 0xff, 0xc0, 0x0, 0x0, 0x9f, 0xff, 0x40,
    0x4f, 0xff, 0x60, 0x0, 0x0, 0x2f, 0xff, 0x70,
    0x5f, 0xff, 0x30, 0x0, 0x0, 0xf, 0xff, 0x90,
    0x4f, 0xff, 0x50, 0x0, 0x0, 0x1f, 0xff, 0x80,
    0x1f, 0xff, 0xb0, 0x0, 0x0, 0x7f, 0xff, 0x40,
    0xb, 0xff, 0xf8, 0x0, 0x5, 0xff, 0xfe, 0x0,
    0x2, 0xff, 0xff, 0xfc, 0xef, 0xff, 0xf4, 0x0,
    0x0, 0x3e, 0xff, 0xff, 0xff, 0xff, 0x60, 0x0,
    0x0, 0x1, 0x8d, 0xff, 0xff, 0xc2, 0x3, 0x0,
    0x0, 0x0, 0x0, 0x5f, 0xff, 0xf9, 0xbf, 0x80,
    0x0, 0x0, 0x0, 0x4, 0xff, 0xff, 0xff, 0xf1,
    0x0, 0x0, 0x0, 0x0, 0x19, 0xdf, 0xea, 0x20,

    /* U+0052 "R" */
    0xbf, 0xff, 0xff, 0xfd, 0x92, 0x0, 0xbf, 0xff,
    0xff, 0xff, 0xff, 0x40, 0xbf, 0xff, 0xdd, 0xef,
    0xff, 0xf1, 0xbf, 0xfd, 0x0, 0x8, 0xff, 0xf6,
    0xbf, 0xfd, 0x0, 0x0, 0xff, 0xf9, 0xbf, 0xfd,
    0x0, 0x1, 0xff, 0xf8, 0xbf, 0xfd, 0x0, 0x1a,
    0xff, 0xf5, 0xbf, 0xff, 0xff, 0xff, 0xff, 0xd0,
    0xbf, 0xff, 0xff, 0xff, 0xfd, 0x20, 0xbf, 0xff,
    0xcd, 0xff, 0xf6, 0x0, 0xbf, 0xfd, 0x0, 0xbf,
    0xff, 0x20, 0xbf, 0xfd, 0x0, 0x1e, 0xff, 0xc0,
    0xbf, 0xfd, 0x0, 0x4, 0xff, 0xf8,

    /* U+0053 "S" */
    0x0, 0x29, 0xdf, 0xfe, 0xb7, 0x10, 0x4, 0xff,
    0xff, 0xff, 0xff, 0x90, 0x1f, 0xff, 0xfd, 0xdf,
    0xff, 0x20, 0x5f, 0xff, 0x50, 0x0, 0x48, 0x0,
    0x5f, 0xff, 0x81, 0x0, 0x0, 0x0, 0x1f, 0xff,
    0xff, 0xd9, 0x40, 0x0, 0x4, 0xef, 0xff, 0xff,
    0xfd, 0x30, 0x0, 0x6, 0xae, 0xff, 0xff, 0xe0,
    0x0, 0x0, 0x0, 0x2b, 0xff, 0xf3, 0xa, 0x82,
    0x0, 0x6, 0xff, 0xf3, 0x2f, 0xff, 0xed, 0xdf,
    0xff, 0xd0, 0x6f, 0xff, 0xff, 0xff, 0xff, 0x30,
    0x2, 0x8c, 0xef, 0xfd, 0x81, 0x0,

    /* U+0054 "T" */
    0xef, 0xff, 0xff, 0xff, 0xff, 0xf5, 0xef, 0xff,
    0xff, 0xff, 0xff, 0xf5, 0xcd, 0xdd, 0xff, 0xfe,
    0xdd, 0xd4, 0x0, 0x1, 0xff, 0xf8, 0x0, 0x0,
    0x0, 0x1, 0xff, 0xf8, 0x0, 0x0, 0x0, 0x1,
    0xff, 0xf8, 0x0, 0x0, 0x0, 0x1, 0xff, 0xf8,
    0x0, 0x0, 0x0, 0x1, 0xff, 0xf8, 0x0, 0x0,
    0x0, 0x1, 0xff, 0xf8, 0x0, 0x0, 0x0, 0x1,
    0xff, 0xf8, 0x0, 0x0, 0x0, 0x1, 0xff, 0xf8,
    0x0, 0x0, 0x0, 0x1, 0xff, 0xf8, 0x0, 0x0,
    0x0, 0x1, 0xff, 0xf8, 0x0, 0x0,

    /* U+0055 "U" */
    0xdf, 0xfb, 0x0, 0x0, 0x8f, 0xff, 0xdf, 0xfb,
    0x0, 0x0, 0x8f, 0xff, 0xdf, 0xfb, 0x0, 0x0,
    0x8f, 0xff, 0xdf, 0xfb, 0x0, 0x0, 0x8f, 0xff,
    0xdf, 0xfb, 0x0, 0x0, 0x8f, 0xff, 0xdf, 0xfb,
    0x0, 0x0, 0x8f, 0xff, 0xdf, 0xfb, 0x0, 0x0,
    0x8f, 0xff, 0xdf, 0xfc, 0x0, 0x0, 0x9f, 0xff,
    0xbf, 0xfe, 0x0, 0x0, 0xcf, 0xfd, 0x7f, 0xff,
    0x91, 0x7, 0xff, 0xf9, 0x1e, 0xff, 0xff, 0xff,
    0xff, 0xf2, 0x4, 0xff, 0xff, 0xff, 0xff, 0x50,
    0x0, 0x18, 0xdf, 0xfd, 0x92, 0x0,

    /* U+0056 "V" */
    0x1f, 0xff, 0xc0, 0x0, 0x0, 0xb, 0xff, 0xd0,
    0xa, 0xff, 0xf3, 0x0, 0x0, 0x1f, 0xff, 0x60,
    0x3, 0xff, 0xf9, 0x0, 0x0, 0x8f, 0xff, 0x0,
    0x0, 0xcf, 0xff, 0x0, 0x0, 0xef, 0xf9, 0x0,
    0x0, 0x6f, 0xff, 0x60, 0x5, 0xff, 0xf2, 0x0,
    0x0, 0xe, 0xff, 0xd0, 0xc, 0xff, 0xc0, 0x0,
    0x0, 0x9, 0xff, 0xf3, 0x2f, 0xff, 0x50, 0x0,
    0x0, 0x2, 0xff, 0xf9, 0x9f, 0xfe, 0x0, 0x0,
    0x0, 0x0, 0xbf, 0xff, 0xff, 0xf8, 0x0, 0x0,
    0x0, 0x0, 0x5f, 0xff, 0xff, 0xf1, 0x0, 0x0,
    0x0, 0x0, 0xe, 0xff, 0xff, 0xa0, 0x0, 0x0,
    0x0, 0x0, 0x7, 0xff, 0xff, 0x40, 0x0, 0x0,
    0x0, 0x0, 0x1, 0xff, 0xfd, 0x0, 0x0, 0x0,

    /* U+0057 "W" */
    0x9f, 0xff, 0x10, 0x0, 0xf, 0xff, 0x90, 0x0,
    0x8, 0xff, 0xd0, 0x3f, 0xff, 0x60, 0x0, 0x5f,
    0xff, 0xe0, 0x0, 0xd, 0xff, 0x80, 0xe, 0xff,
    0xb0, 0x0, 0xaf, 0xff, 0xf3, 0x0, 0x2f, 0xff,
    0x30, 0x9, 0xff, 0xf0, 0x0, 0xff, 0xff, 0xf8,
    0x0, 0x7f, 0xfe, 0x0, 0x4, 0xff, 0xf5, 0x4,
    0xff, 0xff, 0xfc, 0x0, 0xcf, 0xf9, 0x0, 0x0,
    0xff, 0xfa, 0x9, 0xff, 0xbf, 0xff, 0x11, 0xff,
    0xf4, 0x0, 0x0, 0xaf, 0xfe, 0xe, 0xff, 0x4d,
    0xff, 0x66, 0xff, 0xf0, 0x0, 0x0, 0x5f, 0xff,
    0x8f, 0xfe, 0x9, 0xff, 0xbb, 0xff, 0xa0, 0x0,
    0x0, 0x1f, 0xff, 0xff, 0xf9, 0x4, 0xff, 0xff,
    0xff, 0x50, 0x0, 0x0, 0xb, 0xff, 0xff, 0xf4,
    0x0, 0xef, 0xff, 0xff, 0x0, 0x0, 0x0, 0x6,
    0xff, 0xff, 0xf0, 0x0, 0xaf, 0xff, 0xfb, 0x0,
    0x0, 0x0, 0x1, 0xff, 0xff, 0xa0, 0x0, 0x5f,
    0xff, 0xf6, 0x0, 0x0, 0x0, 0x0, 0xcf, 0xff,
    0x50, 0x0, 0xf, 0xff, 0xf1, 0x0, 0x0,

    /* U+0058 "X" */
    0x8, 0xff, 0xf8, 0x0, 0x2, 0xff, 0xfa, 0x0,
    0xc, 0xff, 0xf3, 0x0, 0xcf, 0xfe, 0x10, 0x0,
    0x2f, 0xff, 0xd0, 0x7f, 0xff, 0x40, 0x0, 0x0,
    0x7f, 0xff, 0xaf, 0xff, 0x90, 0x0, 0x0, 0x0,
    0xcf, 0xff, 0xff, 0xd0, 0x0, 0x0, 0x0, 0x2,
    0xff, 0xff, 0xf3, 0x0, 0x0, 0x0, 0x0, 0xa,
    0xff, 0xfd, 0x0, 0x0, 0x0, 0x0, 0x3, 0xff,
    0xff, 0xf7, 0x0, 0x0, 0x0, 0x0, 0xdf, 0xff,
    0xff, 0xf3, 0x0, 0x0, 0x0, 0x9f, 0xff, 0x6f,
    0xff, 0xd0, 0x0, 0x0, 0x4f, 0xff, 0xa0, 0x6f,
    0xff, 0x90, 0x0, 0x1e, 0xff, 0xe1, 0x0, 0xbf,
    0xff, 0x40, 0xa, 0xff, 0xf5, 0x0, 0x2, 0xff,
    0xfe, 0x10,

    /* U+0059 "Y" */
    0x1f, 0xff, 0xb0, 0x0, 0x0, 0xef, 0xf8, 0x7,
    0xff, 0xf4, 0x0, 0x7, 0xff, 0xe0, 0x0, 0xef,
    0xfd, 0x0, 0x1f, 0xff, 0x60, 0x0, 0x5f, 0xff,
    0x60, 0xaf, 0xfc, 0x0, 0x0, 0xb, 0xff, 0xe5,
    0xff, 0xf3, 0x0, 0x0, 0x2, 0xff, 0xff, 0xff,
    0xa0, 0x0, 0x0, 0x0, 0x9f, 0xff, 0xff, 0x10,
    0x0, 0x0, 0x0, 0x1e, 0xff, 0xf8, 0x0, 0x0,
    0x0, 0x0, 0x9, 0xff, 0xf0, 0x0, 0x0, 0x0,
    0x0, 0x8, 0xff, 0xf0, 0x0, 0x0, 0x0, 0x0,
    0x8, 0xff, 0xf0, 0x0, 0x0, 0x0, 0x0, 0x8,
    0xff, 0xf0, 0x0, 0x0, 0x0, 0x0, 0x8, 0xff,
    0xf0, 0x0, 0x0,

    /* U+005A "Z" */
    0x3f, 0xff, 0xff, 0xff, 0xff, 0xfa, 0x3f, 0xff,
    0xff, 0xff, 0xff, 0xfa, 0x2d, 0xdd, 0xdd, 0xdf,
    0xff, 0xf6, 0x0, 0x0, 0x0, 0x8f, 0xff, 0xa0,
    0x0, 0x0, 0x5, 0xff, 0xfc, 0x0, 0x0, 0x0,
    0x2f, 0xff, 0xe1, 0x0, 0x0, 0x1, 0xdf, 0xff,
    0x40, 0x0, 0x0, 0xb, 0xff, 0xf6, 0x0, 0x0,
    0x0, 0x9f, 0xff, 0xa0, 0x0, 0x0, 0x5, 0xff,
    0xfc, 0x0, 0x0, 0x0, 0x2f, 0xff, 0xfe, 0xdd,
    0xdd, 0xdc, 0x6f, 0xff, 0xff, 0xff, 0xff, 0xfe,
    0x6f, 0xff, 0xff, 0xff, 0xff, 0xfe,

    /* U+005B "[" */
    0xbf, 0xff, 0xfc, 0xbf, 0xff, 0xfc, 0xbf, 0xfe,
    0xa7, 0xbf, 0xfb, 0x0, 0xbf, 0xfb, 0x0, 0xbf,
    0xfb, 0x0, 0xbf, 0xfb, 0x0, 0xbf, 0xfb, 0x0,
    0xbf, 0xfb, 0x0, 0xbf, 0xfb, 0x0, 0xbf, 0xfb,
    0x0, 0xbf, 0xfb, 0x0, 0xbf, 0xfb, 0x0, 0xbf,
    0xfb, 0x0, 0xbf, 0xfe, 0xa7, 0xbf, 0xff, 0xfc,
    0xbf, 0xff, 0xfc,

    /* U+005C "\\" */
    0xaf, 0xf6, 0x0, 0x0, 0x0, 0x5f, 0xfb, 0x0,
    0x0, 0x0, 0xf, 0xff, 0x10, 0x0, 0x0, 0x9,
    0xff, 0x60, 0x0, 0x0, 0x4, 0xff, 0xc0, 0x0,
    0x0, 0x0, 0xef, 0xf2, 0x0, 0x0, 0x0, 0x9f,
    0xf7, 0x0, 0x0, 0x0, 0x3f, 0xfd, 0x0, 0x0,
    0x0, 0xd, 0xff, 0x20, 0x0, 0x0, 0x8, 0xff,
    0x80, 0x0, 0x0, 0x2, 0xff, 0xd0, 0x0, 0x0,
    0x0, 0xdf, 0xf3, 0x0, 0x0, 0x0, 0x7f, 0xf9,
    0x0, 0x0, 0x0, 0x2f, 0xfe, 0x0, 0x0, 0x0,
    0xc, 0xff, 0x40, 0x0, 0x0, 0x6, 0xff, 0x90,
    0x0, 0x0, 0x1, 0xff, 0xe0,

    /* U+005D "]" */
    0xcf, 0xff, 0xfb, 0xcf, 0xff, 0xfb, 0x8a, 0xef,
    0xfb, 0x0, 0xbf, 0xfb, 0x0, 0xbf, 0xfb, 0x0,
    0xbf, 0xfb, 0x0, 0xbf, 0xfb, 0x0, 0xbf, 0xfb,
    0x0, 0xbf, 0xfb, 0x0, 0xbf, 0xfb, 0x0, 0xbf,
    0xfb, 0x0, 0xbf, 0xfb, 0x0, 0xbf, 0xfb, 0x0,
    0xbf, 0xfb, 0x7a, 0xef, 0xfb, 0xcf, 0xff, 0xfb,
    0xcf, 0xff, 0xfb,

    /* U+005E "^" */
    0x0, 0x0, 0x78, 0x70, 0x0, 0x0, 0x0, 0x4f,
    0xff, 0x40, 0x0, 0x0, 0xb, 0xff, 0xfb, 0x0,
    0x0, 0x2, 0xff, 0xaf, 0xf2, 0x0, 0x0, 0x9f,
    0xe0, 0xef, 0x90, 0x0, 0x1f, 0xf7, 0x8, 0xff,
    0x10, 0x7, 0xff, 0x10, 0x1f, 0xf7, 0x0, 0xef,
    0xa0, 0x0, 0xaf, 0xe0,

    /* U+005F "_" */
    0xee, 0xee, 0xee, 0xee, 0xef, 0xff, 0xff, 0xff,
    0xff,

    /* U+0060 "`" */
    0x3e, 0xff, 0x30, 0x0, 0x2d, 0xfd, 0x10, 0x0,
    0x1c, 0xfb, 0x0,

    /* U+0061 "a" */
    0x2, 0x8c, 0xff, 0xea, 0x30, 0x0, 0xdf, 0xff,
    0xff, 0xff, 0x40, 0x5, 0xfd, 0xab, 0xff, 0xfd,
    0x0, 0x3, 0x0, 0x6, 0xff, 0xf2, 0x2, 0xae,
    0xff, 0xff, 0xff, 0x31, 0xef, 0xfe, 0xcd, 0xff,
    0xf3, 0x6f, 0xfe, 0x0, 0x3f, 0xff, 0x35, 0xff,
    0xf5, 0x3c, 0xff, 0xf3, 0x1e, 0xff, 0xff, 0xff,
    0xff, 0x30, 0x2a, 0xef, 0xc4, 0xff, 0xf3,

    /* U+0062 "b" */
    0x9a, 0xa5, 0x0, 0x0, 0x0, 0x0, 0xef, 0xf8,
    0x0, 0x0, 0x0, 0x0, 0xef, 0xf8, 0x0, 0x0,
    0x0, 0x0, 0xef, 0xf8, 0x0, 0x0, 0x0, 0x0,
    0xef, 0xf9, 0xae, 0xfc, 0x60, 0x0, 0xef, 0xff,
    0xff, 0xff, 0xfb, 0x0, 0xef, 0xff, 0xfc, 0xff,
    0xff, 0x60, 0xef, 0xfe, 0x10, 0x1e, 0xff, 0xd0,
    0xef, 0xf8, 0x0, 0x8, 0xff, 0xf0, 0xef, 0xf8,
    0x0, 0x8, 0xff, 0xf0, 0xef, 0xfe, 0x10, 0x1e,
    0xff, 0xc0, 0xef, 0xff, 0xfc, 0xff, 0xff, 0x60,
    0xef, 0xff, 0xff, 0xff, 0xfb, 0x0, 0xef, 0xf7,
    0xae, 0xfd, 0x60, 0x0,

    /* U+0063 "c" */
    0x0, 0x7, 0xcf, 0xfd, 0x70, 0x0, 0x1d, 0xff,
    0xff, 0xff, 0xc0, 0xc, 0xff, 0xfd, 0xdf, 0xff,
    0x64, 0xff, 0xf7, 0x0, 0x6c, 0x40, 0x7f, 0xff,
    0x0, 0x0, 0x0, 0x7, 0xff, 0xf0, 0x0, 0x0,
    0x0, 0x4f, 0xff, 0x70, 0x6, 0xc4, 0x0, 0xcf,
    0xff, 0xdd, 0xff, 0xf6, 0x1, 0xdf, 0xff, 0xff,
    0xfc, 0x0, 0x0, 0x7c, 0xff, 0xd7, 0x0,

    /* U+0064 "d" */
    0x0, 0x0, 0x0, 0x0, 0x9a, 0xa4, 0x0, 0x0,
    0x0, 0x0, 0xff, 0xf7, 0x0, 0x0, 0x0, 0x0,
    0xff, 0xf7, 0x0, 0x0, 0x0, 0x0, 0xff, 0xf7,
    0x0, 0x29, 0xef, 0xd6, 0xff, 0xf7, 0x3, 0xef,
    0xff, 0xff, 0xff, 0xf7, 0xd, 0xff, 0xfd, 0xdf,
    0xff, 0xf7, 0x3f, 0xff, 0x80, 0x6, 0xff, 0xf7,
    0x6f, 0xff, 0x10, 0x0, 0xff, 0xf7, 0x6f, 0xff,
    0x10, 0x0, 0xff, 0xf7, 0x3f, 0xff, 0x80, 0x6,
    0xff, 0xf7, 0xd, 0xff, 0xfd, 0xdf, 0xff, 0xf7,
    0x3, 0xef, 0xff, 0xff, 0xff, 0xf7, 0x0, 0x29,
    0xef, 0xd6, 0xcf, 0xf7,

    /* U+0065 "e" */
    0x0, 0x7, 0xdf, 0xeb, 0x50, 0x0, 0x2, 0xdf,
    0xff, 0xff, 0xfa, 0x0, 0xc, 0xff, 0xe8, 0x9f,
    0xff, 0x60, 0x4f, 0xff, 0x10, 0x5, 0xff, 0xd0,
    0x7f, 0xff, 0xff, 0xff, 0xff, 0xf0, 0x7f, 0xff,
    0xdd, 0xdd, 0xdd, 0xd0, 0x4f, 0xff, 0x50, 0x0,
    0x40, 0x0, 0xc, 0xff, 0xfc, 0xad, 0xf7, 0x0,
    0x1, 0xdf, 0xff, 0xff, 0xff, 0x20, 0x0, 0x7,
    0xce, 0xfe, 0x92, 0x0,

    /* U+0066 "f" */
    0x0, 0x3, 0x89, 0x83, 0x0, 0x9f, 0xff, 0xf9,
    0x4, 0xff, 0xff, 0xf3, 0x7, 0xff, 0xe2, 0x10,
    0xef, 0xff, 0xff, 0xf2, 0xef, 0xff, 0xff, 0xf2,
    0x8c, 0xff, 0xf9, 0x91, 0x8, 0xff, 0xe0, 0x0,
    0x8, 0xff, 0xe0, 0x0, 0x8, 0xff, 0xe0, 0x0,
    0x8, 0xff, 0xe0, 0x0, 0x8, 0xff, 0xe0, 0x0,
    0x8, 0xff, 0xe0, 0x0, 0x8, 0xff, 0xe0, 0x0,

    /* U+0067 "g" */
    0x0, 0x2a, 0xef, 0xd6, 0xaf, 0xf9, 0x3, 0xff,
    0xff, 0xff, 0xff, 0xf9, 0xe, 0xff, 0xfd, 0xdf,
    0xff, 0xf9, 0x5f, 0xff, 0x70, 0x5, 0xff, 0xf9,
    0x7f, 0xff, 0x0, 0x0, 0xdf, 0xf9, 0x7f, 0xff,
    0x10, 0x0, 0xef, 0xf9, 0x3f, 0xff, 0xa1, 0x19,
    0xff, 0xf9, 0xc, 0xff, 0xff, 0xff, 0xff, 0xf9,
    0x1, 0xdf, 0xff, 0xff, 0xff, 0xf9, 0x0, 0x6,
    0xab, 0x92, 0xef, 0xf8, 0x0, 0x81, 0x0, 0x5,
    0xff, 0xf4, 0x5, 0xff, 0xca, 0xcf, 0xff, 0xe0,
    0xc, 0xff, 0xff, 0xff, 0xfe, 0x30, 0x0, 0x6b,
    0xef, 0xfd, 0x81, 0x0,

    /* U+0068 "h" */
    0x67, 0x73, 0x0, 0x0, 0x0, 0xe, 0xff, 0x80,
    0x0, 0x0, 0x0, 0xef, 0xf8, 0x0, 0x0, 0x0,
    0xe, 0xff, 0x80, 0x0, 0x0, 0x0, 0xef, 0xf9,
    0x9e, 0xfd, 0x70, 0xe, 0xff, 0xff, 0xff, 0xff,
    0xa0, 0xef, 0xff, 0xff, 0xff, 0xff, 0x2e, 0xff,
    0xf3, 0x6, 0xff, 0xf6, 0xef, 0xf9, 0x0, 0xf,
    0xff, 0x7e, 0xff, 0x80, 0x0, 0xff, 0xf7, 0xef,
    0xf8, 0x0, 0xf, 0xff, 0x7e, 0xff, 0x80, 0x0,
    0xff, 0xf7, 0xef, 0xf8, 0x0, 0xf, 0xff, 0x7e,
    0xff, 0x80, 0x0, 0xff, 0xf7,

    /* U+0069 "i" */
    0x3, 0x98, 0x11, 0xff, 0xfb, 0x3f, 0xff, 0xc0,
    0x9f, 0xd4, 0x0, 0x0, 0x0, 0xef, 0xf8, 0xe,
    0xff, 0x80, 0xef, 0xf8, 0xe, 0xff, 0x80, 0xef,
    0xf8, 0xe, 0xff, 0x80, 0xef, 0xf8, 0xe, 0xff,
    0x80, 0xef, 0xf8, 0xe, 0xff, 0x80,

    /* U+006A "j" */
    0x0, 0x7, 0xee, 0x60, 0x0, 0x1f, 0xff, 0xf0,
    0x0, 0xe, 0xff, 0xd0, 0x0, 0x2, 0x99, 0x20,
    0x0, 0xc, 0xff, 0xa0, 0x0, 0xc, 0xff, 0xa0,
    0x0, 0xc, 0xff, 0xa0, 0x0, 0xc, 0xff, 0xa0,
    0x0, 0xc, 0xff, 0xa0, 0x0, 0xc, 0xff, 0xa0,
    0x0, 0xc, 0xff, 0xa0, 0x0, 0xc, 0xff, 0xa0,
    0x0, 0xc, 0xff, 0xa0, 0x0, 0xc, 0xff, 0xa0,
    0x0, 0xd, 0xff, 0x90, 0xc, 0xcf, 0xff, 0x60,
    0x5f, 0xff, 0xfd, 0x0, 0x6d, 0xfe, 0xa1, 0x0,

    /* U+006B "k" */
    0x67, 0x73, 0x0, 0x0, 0x0, 0x0, 0xef, 0xf8,
    0x0, 0x0, 0x0, 0x0, 0xef, 0xf8, 0x0, 0x0,
    0x0, 0x0, 0xef, 0xf8, 0x0, 0x0, 0x0, 0x0,
    0xef, 0xf8, 0x0, 0x7f, 0xff, 0x90, 0xef, 0xf8,
    0x7, 0xff, 0xfa, 0x0, 0xef, 0xf8, 0x8f, 0xff,
    0xa0, 0x0, 0xef, 0xfe, 0xff, 0xfb, 0x0, 0x0,
    0xef, 0xff, 0xff, 0xf4, 0x0, 0x0, 0xef, 0xff,
    0xff, 0xfe, 0x10, 0x0, 0xef, 0xff, 0xcf, 0xff,
    0xb0, 0x0, 0xef, 0xfa, 0xa, 0xff, 0xf7, 0x0,
    0xef, 0xf8, 0x0, 0xdf, 0xff, 0x40, 0xef, 0xf8,
    0x0, 0x2f, 0xff, 0xe1,

    /* U+006C "l" */
    0x67, 0x73, 0xef, 0xf8, 0xef, 0xf8, 0xef, 0xf8,
    0xef, 0xf8, 0xef, 0xf8, 0xef, 0xf8, 0xef, 0xf8,
    0xef, 0xf8, 0xef, 0xf8, 0xef, 0xf8, 0xef, 0xf8,
    0xef, 0xf8, 0xef, 0xf8,

    /* U+006D "m" */
    0xef, 0xf7, 0x9e, 0xfd, 0x60, 0x6c, 0xfe, 0xa1,
    0xe, 0xff, 0xff, 0xff, 0xff, 0xdf, 0xff, 0xff,
    0xe1, 0xef, 0xff, 0xed, 0xff, 0xff, 0xfd, 0xef,
    0xff, 0x7e, 0xff, 0xd0, 0x9, 0xff, 0xf8, 0x1,
    0xef, 0xfa, 0xef, 0xf9, 0x0, 0x5f, 0xff, 0x30,
    0xb, 0xff, 0xbe, 0xff, 0x80, 0x4, 0xff, 0xf2,
    0x0, 0xaf, 0xfc, 0xef, 0xf8, 0x0, 0x4f, 0xff,
    0x20, 0xa, 0xff, 0xce, 0xff, 0x80, 0x4, 0xff,
    0xf2, 0x0, 0xaf, 0xfc, 0xef, 0xf8, 0x0, 0x4f,
    0xff, 0x20, 0xa, 0xff, 0xce, 0xff, 0x80, 0x4,
    0xff, 0xf2, 0x0, 0xaf, 0xfc,

    /* U+006E "n" */
    0xef, 0xf7, 0x9e, 0xfd, 0x70, 0xe, 0xff, 0xff,
    0xff, 0xff, 0xa0, 0xef, 0xff, 0xfc, 0xff, 0xff,
    0x2e, 0xff, 0xe1, 0x4, 0xff, 0xf6, 0xef, 0xf9,
    0x0, 0xf, 0xff, 0x7e, 0xff, 0x80, 0x0, 0xff,
    0xf7, 0xef, 0xf8, 0x0, 0xf, 0xff, 0x7e, 0xff,
    0x80, 0x0, 0xff, 0xf7, 0xef, 0xf8, 0x0, 0xf,
    0xff, 0x7e, 0xff, 0x80, 0x0, 0xff, 0xf7,

    /* U+006F "o" */
    0x0, 0x7, 0xcf, 0xfc, 0x70, 0x0, 0x2, 0xdf,
    0xff, 0xff, 0xfd, 0x10, 0xd, 0xff, 0xfd, 0xdf,
    0xff, 0xc0, 0x4f, 0xff, 0x70, 0x7, 0xff, 0xf4,
    0x7f, 0xff, 0x0, 0x0, 0xff, 0xf6, 0x7f, 0xff,
    0x0, 0x0, 0xff, 0xf6, 0x4f, 0xff, 0x70, 0x7,
    0xff, 0xf3, 0xd, 0xff, 0xfd, 0xdf, 0xff, 0xc0,
    0x2, 0xdf, 0xff, 0xff, 0xfd, 0x10, 0x0, 0x7,
    0xdf, 0xfc, 0x70, 0x0,

    /* U+0070 "p" */
    0xef, 0xf7, 0xae, 0xfc, 0x60, 0x0, 0xef, 0xff,
    0xff, 0xff, 0xfb, 0x0, 0xef, 0xff, 0xda, 0xdf,
    0xff, 0x60, 0xef, 0xfd, 0x0, 0xd, 0xff, 0xc0,
    0xef, 0xf8, 0x0, 0x8, 0xff, 0xf0, 0xef, 0xf8,
    0x0, 0x8, 0xff, 0xf0, 0xef, 0xfe, 0x10, 0x1e,
    0xff, 0xc0, 0xef, 0xff, 0xfc, 0xff, 0xff, 0x60,
    0xef, 0xff, 0xff, 0xff, 0xfb, 0x0, 0xef, 0xf9,
    0xae, 0xfd, 0x60, 0x0, 0xef, 0xf8, 0x0, 0x0,
    0x0, 0x0, 0xef, 0xf8, 0x0, 0x0, 0x0, 0x0,
    0xef, 0xf8, 0x0, 0x0, 0x0, 0x0, 0xef, 0xf8,
    0x0, 0x0, 0x0, 0x0,

    /* U+0071 "q" */
    0x0, 0x2a, 0xef, 0xd6, 0xdf, 0xf6, 0x3, 0xff,
    0xff, 0xff, 0xff, 0xf6, 0xe, 0xff, 0xfd, 0xdf,
    0xff, 0xf6, 0x4f, 0xff, 0x70, 0x7, 0xff, 0xf6,
    0x7f, 0xff, 0x0, 0x0, 0xff, 0xf6, 0x7f, 0xff,
    0x0, 0x0, 0xff, 0xf6, 0x4f, 0xff, 0x70, 0x7,
    0xff, 0xf6, 0xe, 0xff, 0xfd, 0xdf, 0xff, 0xf6,
    0x3, 0xff, 0xff, 0xff, 0xff, 0xf6, 0x0, 0x2a,
    0xef, 0xd5, 0xff, 0xf6, 0x0, 0x0, 0x0, 0x0,
    0xff, 0xf6, 0x0, 0x0, 0x0, 0x0, 0xff, 0xf6,
    0x0, 0x0, 0x0, 0x0, 0xff, 0xf6, 0x0, 0x0,
    0x0, 0x0, 0xff, 0xf6,

    /* U+0072 "r" */
    0xef, 0xf7, 0x9e, 0x9e, 0xff, 0xff, 0xfa, 0xef,
    0xff, 0xfe, 0x9e, 0xff, 0xf4, 0x0, 0xef, 0xfa,
    0x0, 0xe, 0xff, 0x80, 0x0, 0xef, 0xf8, 0x0,
    0xe, 0xff, 0x80, 0x0, 0xef, 0xf8, 0x0, 0xe,
    0xff, 0x80, 0x0,

    /* U+0073 "s" */
    0x0, 0x7c, 0xff, 0xdb, 0x70, 0xc, 0xff, 0xff,
    0xff, 0xd0, 0x5f, 0xff, 0x87, 0x9e, 0x60, 0x7f,
    0xfe, 0x52, 0x0, 0x0, 0x2f, 0xff, 0xff, 0xfa,
    0x20, 0x4, 0xbf, 0xff, 0xff, 0xf2, 0x2, 0x0,
    0x25, 0xef, 0xf6, 0x1f, 0xd9, 0x78, 0xff, 0xf5,
    0x7f, 0xff, 0xff, 0xff, 0xc0, 0x17, 0xce, 0xff,
    0xc7, 0x0,

    /* U+0074 "t" */
    0x8, 0xff, 0xe0, 0x0, 0x8, 0xff, 0xe0, 0x0,
    0xef, 0xff, 0xff, 0xf2, 0xef, 0xff, 0xff, 0xf2,
    0x8c, 0xff, 0xf8, 0x81, 0x8, 0xff, 0xe0, 0x0,
    0x8, 0xff, 0xe0, 0x0, 0x8, 0xff, 0xe0, 0x0,
    0x7, 0xff, 0xf0, 0x0, 0x5, 0xff, 0xfc, 0xc2,
    0x0, 0xdf, 0xff, 0xf7, 0x0, 0x19, 0xdf, 0xe7,

    /* U+0075 "u" */
    0xff, 0xf7, 0x0, 0x1f, 0xff, 0x5f, 0xff, 0x70,
    0x1, 0xff, 0xf5, 0xff, 0xf7, 0x0, 0x1f, 0xff,
    0x5f, 0xff, 0x70, 0x1, 0xff, 0xf5, 0xff, 0xf7,
    0x0, 0x1f, 0xff, 0x5e, 0xff, 0x80, 0x2, 0xff,
    0xf5, 0xdf, 0xfd, 0x10, 0xaf, 0xff, 0x59, 0xff,
    0xff, 0xff, 0xff, 0xf5, 0x2f, 0xff, 0xff, 0xff,
    0xff, 0x50, 0x2a, 0xef, 0xc4, 0xef, 0xf5,

    /* U+0076 "v" */
    0xf, 0xff, 0x80, 0x0, 0x1f, 0xff, 0x20, 0x9f,
    0xfe, 0x0, 0x7, 0xff, 0xc0, 0x3, 0xff, 0xf4,
    0x0, 0xef, 0xf5, 0x0, 0xc, 0xff, 0xa0, 0x4f,
    0xfe, 0x0, 0x0, 0x6f, 0xff, 0x1b, 0xff, 0x80,
    0x0, 0x0, 0xff, 0xf8, 0xff, 0xf2, 0x0, 0x0,
    0x9, 0xff, 0xff, 0xfc, 0x0, 0x0, 0x0, 0x3f,
    0xff, 0xff, 0x50, 0x0, 0x0, 0x0, 0xcf, 0xff,
    0xe0, 0x0, 0x0, 0x0, 0x6, 0xff, 0xf8, 0x0,
    0x0,

    /* U+0077 "w" */
    0xd, 0xff, 0x50, 0x0, 0xef, 0xf5, 0x0, 0xe,
    0xff, 0x10, 0x8f, 0xfa, 0x0, 0x4f, 0xff, 0xa0,
    0x4, 0xff, 0xb0, 0x2, 0xff, 0xf0, 0x9, 0xff,
    0xff, 0x0, 0x9f, 0xf6, 0x0, 0xd, 0xff, 0x50,
    0xef, 0xff, 0xf5, 0xe, 0xff, 0x10, 0x0, 0x7f,
    0xfa, 0x4f, 0xfe, 0xff, 0xa4, 0xff, 0xb0, 0x0,
    0x2, 0xff, 0xfa, 0xff, 0x5f, 0xff, 0xaf, 0xf5,
    0x0, 0x0, 0xc, 0xff, 0xff, 0xe0, 0xbf, 0xff,
    0xff, 0x0, 0x0, 0x0, 0x7f, 0xff, 0xf9, 0x5,
    0xff, 0xff, 0xa0, 0x0, 0x0, 0x1, 0xff, 0xff,
    0x40, 0xf, 0xff, 0xf4, 0x0, 0x0, 0x0, 0xc,
    0xff, 0xe0, 0x0, 0xbf, 0xfe, 0x0, 0x0,

    /* U+0078 "x" */
    0x9, 0xff, 0xf4, 0x0, 0xdf, 0xfb, 0x0, 0xc,
    0xff, 0xe1, 0x9f, 0xfe, 0x10, 0x0, 0x2f, 0xff,
    0xcf, 0xff, 0x30, 0x0, 0x0, 0x6f, 0xff, 0xff,
    0x70, 0x0, 0x0, 0x0, 0xaf, 0xff, 0xb0, 0x0,
    0x0, 0x0, 0xa, 0xff, 0xfd, 0x0, 0x0, 0x0,
    0x6, 0xff, 0xff, 0xfa, 0x0, 0x0, 0x3, 0xff,
    0xfb, 0xff, 0xf6, 0x0, 0x0, 0xdf, 0xfb, 0xb,
    0xff, 0xf2, 0x0, 0xaf, 0xfe, 0x10, 0x1e, 0xff,
    0xc0,

    /* U+0079 "y" */
    0xf, 0xff, 0x80, 0x0, 0x1f, 0xff, 0x20, 0x9f,
    0xfe, 0x0, 0x7, 0xff, 0xc0, 0x3, 0xff, 0xf4,
    0x0, 0xdf, 0xf6, 0x0, 0xc, 0xff, 0xa0, 0x3f,
    0xff, 0x0, 0x0, 0x6f, 0xff, 0x9, 0xff, 0x90,
    0x0, 0x0, 0xff, 0xf7, 0xff, 0xf2, 0x0, 0x0,
    0x9, 0xff, 0xff, 0xfc, 0x0, 0x0, 0x0, 0x2f,
    0xff, 0xff, 0x60, 0x0, 0x0, 0x0, 0xcf, 0xff,
    0xf0, 0x0, 0x0, 0x0, 0x6, 0xff, 0xf9, 0x0,
    0x0, 0x0, 0x10, 0x3f, 0xff, 0x30, 0x0, 0x0,
    0x4f, 0xce, 0xff, 0xb0, 0x0, 0x0, 0xc, 0xff,
    0xff, 0xe2, 0x0, 0x0, 0x0, 0x7c, 0xfe, 0xb2,
    0x0, 0x0, 0x0,

    /* U+007A "z" */
    0x4f, 0xff, 0xff, 0xff, 0xf6, 0x4f, 0xff, 0xff,
    0xff, 0xf6, 0x28, 0x88, 0x9f, 0xff, 0xe1, 0x0,
    0x0, 0xaf, 0xff, 0x30, 0x0, 0x8, 0xff, 0xf5,
    0x0, 0x0, 0x5f, 0xff, 0x70, 0x0, 0x3, 0xff,
    0xfa, 0x0, 0x0, 0x1e, 0xff, 0xf9, 0x99, 0x95,
    0x6f, 0xff, 0xff, 0xff, 0xf9, 0x6f, 0xff, 0xff,
    0xff, 0xf9,

    /* U+007B "{" */
    0x0, 0x3, 0xbe, 0xf3, 0x0, 0x2f, 0xff, 0xf3,
    0x0, 0x9f, 0xff, 0xb2, 0x0, 0xbf, 0xfc, 0x0,
    0x0, 0xcf, 0xfa, 0x0, 0x0, 0xcf, 0xfa, 0x0,
    0x0, 0xcf, 0xfa, 0x0, 0x1b, 0xff, 0xf8, 0x0,
    0x2f, 0xff, 0xc0, 0x0, 0x2f, 0xff, 0xf5, 0x0,
    0x0, 0xdf, 0xfa, 0x0, 0x0, 0xcf, 0xfa, 0x0,
    0x0, 0xcf, 0xfa, 0x0, 0x0, 0xbf, 0xfc, 0x0,
    0x0, 0x9f, 0xff, 0xb2, 0x0, 0x3f, 0xff, 0xf3,
    0x0, 0x4, 0xce, 0xf3,

    /* U+007C "|" */
    0xbf, 0xf6, 0xbf, 0xf6, 0xbf, 0xf6, 0xbf, 0xf6,
    0xbf, 0xf6, 0xbf, 0xf6, 0xbf, 0xf6, 0xbf, 0xf6,
    0xbf, 0xf6, 0xbf, 0xf6, 0xbf, 0xf6, 0xbf, 0xf6,
    0xbf, 0xf6, 0xbf, 0xf6, 0xbf, 0xf6, 0xbf, 0xf6,
    0xbf, 0xf6,

    /* U+007D "}" */
    0xcf, 0xd7, 0x0, 0xc, 0xff, 0xf9, 0x0, 0x8e,
    0xff, 0xf0, 0x0, 0x5f, 0xff, 0x20, 0x3, 0xff,
    0xf3, 0x0, 0x3f, 0xff, 0x30, 0x3, 0xff, 0xf3,
    0x0, 0x1f, 0xff, 0xd5, 0x0, 0x6f, 0xff, 0x90,
    0xe, 0xff, 0xf9, 0x2, 0xff, 0xf5, 0x0, 0x3f,
    0xff, 0x30, 0x3, 0xff, 0xf3, 0x0, 0x4f, 0xff,
    0x20, 0x8e, 0xff, 0xf0, 0xc, 0xff, 0xfa, 0x0,
    0xcf, 0xd8, 0x0, 0x0,

    /* U+007E "~" */
    0x0, 0xaf, 0xd5, 0x0, 0xff, 0x10, 0x9f, 0xff,
    0xfa, 0xaf, 0xf0, 0xf, 0xfa, 0xaf, 0xff, 0xf8,
    0x1, 0xff, 0x0, 0x5d, 0xfa, 0x0,

    /* U+00A0 " " */

    /* U+00A1 "¡" */
    0x9, 0xfd, 0x23, 0xff, 0xfa, 0x2f, 0xff, 0x90,
    0x6b, 0x91, 0x0, 0x0, 0x0, 0xbf, 0xf1, 0xc,
    0xff, 0x30, 0xdf, 0xf4, 0xf, 0xff, 0x50, 0xff,
    0xf7, 0x1f, 0xff, 0x83, 0xff, 0xf9, 0x4f, 0xff,
    0xb0,

    /* U+00A2 "¢" */
    0x0, 0x0, 0x2f, 0xf0, 0x0, 0x0, 0x0, 0x2,
    0xff, 0x0, 0x0, 0x0, 0x7, 0xcf, 0xfc, 0x70,
    0x0, 0x2d, 0xff, 0xff, 0xff, 0xc0, 0xc, 0xff,
    0xfe, 0xdf, 0xff, 0x64, 0xff, 0xf8, 0x0, 0x6c,
    0x40, 0x7f, 0xff, 0x0, 0x0, 0x0, 0x7, 0xff,
    0xf0, 0x0, 0x0, 0x0, 0x4f, 0xff, 0x70, 0x6,
    0xc4, 0x0, 0xcf, 0xff, 0xdd, 0xff, 0xf6, 0x2,
    0xdf, 0xff, 0xff, 0xfc, 0x0, 0x0, 0x7c, 0xff,
    0xc7, 0x0, 0x0, 0x0, 0x2f, 0xf0, 0x0, 0x0,
    0x0, 0x2, 0xff, 0x0, 0x0,

    /* U+00A3 "£" */
    0x0, 0x0, 0x17, 0xce, 0xfe, 0xb6, 0x0, 0x0,
    0x2e, 0xff, 0xff, 0xff, 0xc0, 0x0, 0xd, 0xff,
    0xff, 0xff, 0xf7, 0x0, 0x5, 0xff, 0xfb, 0x20,
    0x16, 0x10, 0x0, 0xaf, 0xff, 0x10, 0x0, 0x0,
    0x0, 0x1b, 0xff, 0xd1, 0x11, 0x10, 0x0, 0x7f,
    0xff, 0xff, 0xff, 0xfe, 0x0, 0x7, 0xff, 0xff,
    0xff, 0xff, 0xe0, 0x0, 0x0, 0xcf, 0xfd, 0x0,
    0x0, 0x0, 0x0, 0xc, 0xff, 0xd0, 0x0, 0x0,
    0x0, 0x5c, 0xff, 0xff, 0xcc, 0xcc, 0xc8, 0x7,
    0xff, 0xff, 0xff, 0xff, 0xff, 0xa0, 0x7f, 0xff,
    0xff, 0xff, 0xff, 0xfa, 0x0,

    /* U+00A4 "¤" */
    0x0, 0x0, 0x0, 0x0, 0x0, 0x0, 0x0, 0x6d,
    0x10, 0x0, 0x0, 0x6e, 0x10, 0x5f, 0xfd, 0x9e,
    0xfc, 0x9f, 0xfd, 0x0, 0xcf, 0xff, 0xff, 0xff,
    0xff, 0x70, 0x1, 0xff, 0xfd, 0xcf, 0xff, 0x90,
    0x0, 0x3f, 0xfa, 0x0, 0x2f, 0xfc, 0x0, 0x5,
    0xff, 0x50, 0x0, 0xbf, 0xe0, 0x0, 0x3f, 0xfb,
    0x0, 0x2f, 0xfc, 0x0, 0x0, 0xef, 0xfe, 0xcf,
    0xff, 0x80, 0x0, 0xaf, 0xff, 0xff, 0xff, 0xff,
    0x40, 0x5f, 0xff, 0xae, 0xfc, 0xbf, 0xfe, 0x0,
    0x9f, 0x30, 0x0, 0x0, 0x9f, 0x30, 0x0, 0x20,
    0x0, 0x0, 0x0, 0x20, 0x0,

    /* U+00A5 "¥" */
    0x1f, 0xff, 0xc0, 0x0, 0x0, 0xe, 0xff, 0x90,
    0x6f, 0xff, 0x60, 0x0, 0x9, 0xff, 0xe0, 0x0,
    0xbf, 0xff, 0x10, 0x3, 0xff, 0xf4, 0x0, 0x2,
    0xff, 0xfb, 0x0, 0xdf, 0xfa, 0x0, 0x0, 0x7,
    0xff, 0xf5, 0x8f, 0xfe, 0x10, 0x0, 0x0, 0xc,
    0xff, 0xff, 0xff, 0x60, 0x0, 0x0, 0x0, 0x3f,
    0xff, 0xff, 0xb0, 0x0, 0x0, 0x1, 0xcc, 0xff,
    0xff, 0xfd, 0xc8, 0x0, 0x0, 0x2f, 0xff, 0xff,
    0xff, 0xff, 0xb0, 0x0, 0x0, 0x0, 0xf, 0xff,
    0x80, 0x0, 0x0, 0x0, 0x2f, 0xff, 0xff, 0xff,
    0xff, 0xb0, 0x0, 0x1, 0xcc, 0xcf, 0xff, 0xec,
    0xc8, 0x0, 0x0, 0x0, 0x0, 0xff, 0xf8, 0x0,
    0x0, 0x0,

    /* U+00A6 "¦" */
    0xbf, 0xf6, 0xbf, 0xf6, 0xbf, 0xf6, 0xbf, 0xf6,
    0xbf, 0xf6, 0xbf, 0xf6, 0x45, 0x52, 0x0, 0x0,
    0x0, 0x0, 0x0, 0x0, 0x45, 0x52, 0xbf, 0xf6,
    0xbf, 0xf6, 0xbf, 0xf6, 0xbf, 0xf6, 0xbf, 0xf6,
    0xbf, 0xf6,

    /* U+00A7 "§" */
    0x0, 0x5b, 0xef, 0xec, 0x81, 0x8, 0xff, 0xff,
    0xff, 0xf1, 0x1f, 0xff, 0x86, 0x8c, 0xa0, 0x2f,
    0xfe, 0x10, 0x0, 0x0, 0xe, 0xff, 0xfc, 0x82,
    0x0, 0xb, 0xff, 0xff, 0xff, 0x60, 0x5f, 0xfd,
    0x8d, 0xff, 0xf0, 0x8f, 0xf7, 0x0, 0xef, 0xf2,
    0x7f, 0xff, 0xb9, 0xff, 0xe0, 0xc, 0xff, 0xff,
    0xff, 0x50, 0x0, 0x49, 0xdf, 0xff, 0x90, 0x3,
    0x0, 0x5, 0xff, 0xc0, 0x1f, 0xd8, 0x7b, 0xff,
    0xa0, 0x7f, 0xff, 0xff, 0xff, 0x20, 0x17, 0xbe,
    0xfe, 0xa2, 0x0,

    /* U+00A8 "¨" */
    0x6c, 0x50, 0x8c, 0x3e, 0xfd, 0x1f, 0xfb, 0x8f,
    0x80, 0xbf, 0x50,

    /* U+00A9 "©" */
    0x0, 0x0, 0x0, 0x0, 0x0, 0x0, 0x0, 0x0,
    0x2, 0x9e, 0xff, 0xe9, 0x20, 0x0, 0x0, 0x5f,
    0xe8, 0x55, 0x8e, 0xf4, 0x0, 0x3, 0xfa, 0x2a,
    0xef, 0xc4, 0xaf, 0x30, 0xc, 0xd1, 0xef, 0xff,
    0xff, 0x2d, 0xb0, 0x2f, 0x57, 0xff, 0x64, 0xc5,
    0x6, 0xf1, 0x5f, 0x2a, 0xfe, 0x0, 0x0, 0x3,
    0xf4, 0x5f, 0x18, 0xff, 0x41, 0x93, 0x3, 0xf4,
    0x3f, 0x42, 0xff, 0xff, 0xff, 0x26, 0xf2, 0xe,
    0xb0, 0x3c, 0xff, 0xe6, 0xc, 0xc0, 0x5, 0xf7,
    0x0, 0x11, 0x0, 0x9f, 0x40, 0x0, 0x8f, 0xb5,
    0x22, 0x5c, 0xf7, 0x0, 0x0, 0x4, 0xcf, 0xff,
    0xfc, 0x40, 0x0, 0x0, 0x0, 0x1, 0x33, 0x10,
    0x0, 0x0,

    /* U+00AA "ª" */
    0x1a, 0xef, 0xd7, 0x0, 0xaa, 0xae, 0xf6, 0x9,
    0xdf, 0xff, 0xa7, 0xfd, 0x2a, 0xfb, 0x8f, 0xc2,
    0xdf, 0xb2, 0xef, 0xfd, 0xfb, 0x0, 0x31, 0x14,
    0x20,

    /* U+00AB "«" */
    0x0, 0x2, 0x22, 0x1, 0x22, 0x10, 0x6, 0xff,
    0xa1, 0xef, 0xf1, 0x2, 0xff, 0xe1, 0xbf, 0xf6,
    0x0, 0xcf, 0xf4, 0x6f, 0xfb, 0x0, 0x4f, 0xfd,
    0xd, 0xff, 0x40, 0x0, 0xaf, 0xf6, 0x4f, 0xfc,
    0x0, 0x1, 0xef, 0xf2, 0x9f, 0xf7, 0x0, 0x4,
    0xff, 0xc0, 0xdf, 0xf3,

    /* U+00AC "¬" */
    0x9a, 0xaa, 0xaa, 0xaa, 0x9f, 0xff, 0xff, 0xff,
    0xfe, 0xff, 0xff, 0xff, 0xff, 0xe0, 0x0, 0x0,
    0xd, 0xfe, 0x0, 0x0, 0x0, 0xdf, 0xe0, 0x0,
    0x0, 0xd, 0xfe,

    /* U+00AE "®" */
    0x0, 0x0, 0x0, 0x0, 0x0, 0x0, 0x0, 0x0,
    0x2, 0x9e, 0xff, 0xe9, 0x20, 0x0, 0x0, 0x5f,
    0xe8, 0x55, 0x8e, 0xf4, 0x0, 0x3, 0xfa, 0x99,
    0x98, 0x61, 0xaf, 0x30, 0xc, 0xd0, 0xef, 0xff,
    0xfc, 0xd, 0xb0, 0x2f, 0x50, 0xef, 0x51, 0xff,
    0x36, 0xf1, 0x5f, 0x20, 0xef, 0x51, 0xff, 0x43,
    0xf4, 0x5f, 0x10, 0xef, 0xff, 0xfd, 0x2, 0xf4,
    0x3f, 0x40, 0xef, 0xbe, 0xf6, 0x5, 0xf2, 0xe,
    0xb0, 0xef, 0x53, 0xfe, 0x1c, 0xc0, 0x5, 0xf7,
    0x56, 0x20, 0x46, 0xcf, 0x40, 0x0, 0x8f, 0xb5,
    0x22, 0x5c, 0xf7, 0x0, 0x0, 0x4, 0xcf, 0xff,
    0xfc, 0x40, 0x0, 0x0, 0x0, 0x1, 0x33, 0x10,
    0x0, 0x0,

    /* U+00AF "¯" */
    0x1d, 0xdd, 0xdd, 0xdc, 0x2f, 0xff, 0xff, 0xff,

    /* U+00B0 "°" */
    0x0, 0x59, 0x82, 0x0, 0xa, 0xff, 0xff, 0x30,
    0x4f, 0xb1, 0x4f, 0xc0, 0x7f, 0x40, 0xc, 0xf0,
    0x6f, 0x70, 0xe, 0xe0, 0x1e, 0xfb, 0xdf, 0x70,
    0x2, 0xbf, 0xe7, 0x0,

    /* U+00B1 "±" */
    0x0, 0xe, 0xfe, 0x0, 0x0, 0x0, 0xef, 0xe0,
    0x0, 0x0, 0xe, 0xfe, 0x0, 0xf, 0xff, 0xff,
    0xff, 0xfe, 0xff, 0xff, 0xff, 0xff, 0xe7, 0x88,
    0xff, 0xf8, 0x87, 0x0, 0xe, 0xfe, 0x0, 0x0,
    0x0, 0xef, 0xe0, 0x0, 0x0, 0x3, 0x43, 0x0,
    0x0, 0x0, 0x0, 0x0, 0x0, 0x9a, 0xaa, 0xaa,
    0xaa, 0x9f, 0xff, 0xff, 0xff, 0xfe, 0xff, 0xff,
    0xff, 0xff, 0xe0,

    /* U+00B2 "²" */
    0x8, 0xdf, 0xea, 0x10, 0x7f, 0xfc, 0xff, 0xa0,
    0x2, 0x10, 0xaf, 0xc0, 0x0, 0x8, 0xff, 0x30,
    0x1, 0xbf, 0xd3, 0x0, 0x2e, 0xff, 0xcb, 0xb1,
    0x5f, 0xff, 0xff, 0xf1,

    /* U+00B3 "³" */
    0x6f, 0xff, 0xff, 0xe0, 0x4b, 0xbc, 0xff, 0xa0,
    0x0, 0x2d, 0xfa, 0x0, 0x0, 0x6f, 0xff, 0xb0,
    0x3, 0x0, 0x4f, 0xf4, 0x6f, 0xec, 0xef, 0xf1,
    0x4b, 0xef, 0xeb, 0x30,

    /* U+00B4 "´" */
    0x0, 0x5f, 0xfc, 0x10, 0x3f, 0xfb, 0x0, 0x1e,
    0xfa, 0x0, 0x0,

    /* U+00B5 "µ" */
    0xef, 0xf8, 0x0, 0xf, 0xff, 0x6e, 0xff, 0x80,
    0x0, 0xff, 0xf6, 0xef, 0xf8, 0x0, 0xf, 0xff,
    0x6e, 0xff, 0x80, 0x0, 0xff, 0xf6, 0xef, 0xf8,
    0x0, 0xf, 0xff, 0x6e, 0xff, 0x80, 0x1, 0xff,
    0xf6, 0xef, 0xfd, 0x0, 0x8f, 0xff, 0x6e, 0xff,
    0xfe, 0xdf, 0xff, 0xf6, 0xef, 0xff, 0xff, 0xff,
    0xff, 0x6e, 0xff, 0xef, 0xea, 0xaf, 0xf6, 0xef,
    0xf8, 0x0, 0x0, 0x0, 0xe, 0xff, 0x80, 0x0,
    0x0, 0x0, 0xef, 0xf8, 0x0, 0x0, 0x0, 0xe,
    0xff, 0x80, 0x0, 0x0, 0x0,

    /* U+00B6 "¶" */
    0x0, 0x4, 0x66, 0x66, 0x66, 0x63, 0x7, 0xff,
    0xff, 0xff, 0xff, 0xf7, 0x5f, 0xff, 0xff, 0xff,
    0xff, 0xf7, 0xbf, 0xff, 0xff, 0xe0, 0x5f, 0xf7,
    0xcf, 0xff, 0xff, 0xe0, 0x5f, 0xf7, 0x8f, 0xff,
    0xff, 0xe0, 0x5f, 0xf7, 0x1d, 0xff, 0xff, 0xe0,
    0x5f, 0xf7, 0x0, 0x7b, 0xff, 0xe0, 0x5f, 0xf7,
    0x0, 0x0, 0xef, 0xe0, 0x5f, 0xf7, 0x0, 0x0,
    0xef, 0xe0, 0x5f, 0xf7, 0x0, 0x0, 0xef, 0xe0,
    0x5f, 0xf7, 0x0, 0x0, 0xef, 0xe0, 0x5f, 0xf7,
    0x0, 0x0, 0xef, 0xe0, 0x5f, 0xf7, 0x0, 0x0,
    0xef, 0xe0, 0x5f, 0xf7, 0x0, 0x0, 0xef, 0xe0,
    0x5f, 0xf7, 0x0, 0x0, 0xef, 0xe0, 0x5f, 0xf7,

    /* U+00B7 "·" */
    0x0, 0x0, 0x0, 0x8f, 0xf5, 0x1f, 0xff, 0xd1,
    0xff, 0xfd, 0x6, 0xee, 0x40,

    /* U+00B8 "¸" */
    0x9, 0xf2, 0x0, 0xdf, 0xc2, 0x22, 0xbf, 0x8d,
    0xff, 0xe2, 0x14, 0x30, 0x0,

    /* U+00B9 "¹" */
    0x9f, 0xff, 0x60, 0x6b, 0xff, 0x60, 0x0, 0xff,
    0x60, 0x0, 0xff, 0x60, 0x0, 0xff, 0x60, 0x8b,
    0xff, 0xd9, 0xcf, 0xff, 0xfe,

    /* U+00BA "º" */
    0x3, 0xcf, 0xea, 0x20, 0x3f, 0xfc, 0xdf, 0xe0,
    0x9f, 0xc0, 0xf, 0xf5, 0x9f, 0xc0, 0xf, 0xf5,
    0x3f, 0xfc, 0xdf, 0xe0, 0x4, 0xcf, 0xfa, 0x20,

    /* U+00BB "»" */
    0x12, 0x21, 0x2, 0x22, 0x0, 0x3, 0xff, 0xd0,
    0xcf, 0xf4, 0x0, 0x8, 0xff, 0x92, 0xff, 0xe1,
    0x0, 0xc, 0xff, 0x46, 0xff, 0xa0, 0x0, 0x6f,
    0xfb, 0xf, 0xff, 0x20, 0xe, 0xff, 0x28, 0xff,
    0x80, 0xa, 0xff, 0x73, 0xff, 0xd0, 0x4, 0xff,
    0xb0, 0xdf, 0xf3, 0x0,

    /* U+00BC "¼" */
    0x7c, 0xcc, 0x40, 0x0, 0x0, 0x9, 0xc9, 0x0,
    0x0, 0x9f, 0xff, 0x60, 0x0, 0x0, 0x6f, 0xf3,
    0x0, 0x0, 0x0, 0xff, 0x60, 0x0, 0x1, 0xff,
    0x80, 0x0, 0x0, 0x0, 0xff, 0x60, 0x0, 0xb,
    0xfd, 0x0, 0x0, 0x0, 0x0, 0xff, 0x60, 0x0,
    0x6f, 0xf3, 0x0, 0x0, 0x0, 0x0, 0xff, 0x60,
    0x2, 0xff, 0x70, 0x6, 0x98, 0x0, 0xcf, 0xff,
    0xfe, 0xb, 0xfc, 0x0, 0x3f, 0xf5, 0x0, 0x9c,
    0xcc, 0xca, 0x6f, 0xf2, 0x0, 0xdf, 0xb0, 0x0,
    0x0, 0x0, 0x2, 0xff, 0x70, 0x8, 0xfe, 0x35,
    0x20, 0x0, 0x0, 0xc, 0xfc, 0x0, 0x3f, 0xf5,
    0x7f, 0x90, 0x0, 0x0, 0x7f, 0xf2, 0x0, 0xbf,
    0xff, 0xff, 0xfa, 0x0, 0x2, 0xff, 0x70, 0x0,
    0x9c, 0xcc, 0xff, 0xe7, 0x0, 0xc, 0xfc, 0x0,
    0x0, 0x0, 0x0, 0xbf, 0x90,

    /* U+00BD "½" */
    0x7c, 0xcc, 0x40, 0x0, 0x0, 0x9, 0xc9, 0x0,
    0x0, 0x9f, 0xff, 0x60, 0x0, 0x0, 0x6f, 0xf3,
    0x0, 0x0, 0x0, 0xff, 0x60, 0x0, 0x1, 0xff,
    0x80, 0x0, 0x0, 0x0, 0xff, 0x60, 0x0, 0xb,
    0xfd, 0x0, 0x0, 0x0, 0x0, 0xff, 0x60, 0x0,
    0x6f, 0xf3, 0x0, 0x0, 0x0, 0x0, 0xff, 0x60,
    0x2, 0xff, 0x73, 0xac, 0xb7, 0x0, 0xcf, 0xff,
    0xfe, 0xb, 0xfc, 0x5f, 0xff, 0xff, 0xa0, 0x9c,
    0xcc, 0xca, 0x6f, 0xf2, 0x7, 0x70, 0x9f, 0xf0,
    0x0, 0x0, 0x2, 0xff, 0x70, 0x0, 0x0, 0xcf,
    0xc0, 0x0, 0x0, 0xc, 0xfc, 0x0, 0x0, 0x1c,
    0xfe, 0x20, 0x0, 0x0, 0x7f, 0xf2, 0x0, 0x2,
    0xdf, 0xd2, 0x0, 0x0, 0x2, 0xff, 0x70, 0x0,
    0x1e, 0xff, 0xdc, 0xc3, 0x0, 0xc, 0xfc, 0x0,
    0x0, 0x2f, 0xff, 0xff, 0xf4,

    /* U+00BE "¾" */
    0x4c, 0xcc, 0xcc, 0xa0, 0x0, 0x0, 0x9c, 0x90,
    0x0, 0x6, 0xff, 0xff, 0xfd, 0x0, 0x0, 0x6f,
    0xf3, 0x0, 0x0, 0x0, 0x8, 0xfd, 0x20, 0x0,
    0x1f, 0xf8, 0x0, 0x0, 0x0, 0x5, 0xff, 0xb3,
    0x0, 0xb, 0xfd, 0x0, 0x0, 0x0, 0x0, 0x5c,
    0xef, 0xf1, 0x6, 0xff, 0x30, 0x0, 0x0, 0x0,
    0x50, 0x3, 0xff, 0x42, 0xff, 0x70, 0x5, 0x87,
    0x0, 0x6f, 0xfd, 0xff, 0xe1, 0xbf, 0xc0, 0x2,
    0xff, 0x60, 0x4, 0xbd, 0xfe, 0xa2, 0x6f, 0xf2,
    0x0, 0xdf, 0xb0, 0x0, 0x0, 0x0, 0x0, 0x2f,
    0xf7, 0x0, 0x8f, 0xe4, 0x52, 0x0, 0x0, 0x0,
    0xc, 0xfc, 0x0, 0x3f, 0xf5, 0x7f, 0x90, 0x0,
    0x0, 0x7, 0xff, 0x20, 0xb, 0xff, 0xff, 0xff,
    0xa0, 0x0, 0x2, 0xff, 0x70, 0x0, 0x9c, 0xcc,
    0xff, 0xe7, 0x0, 0x0, 0xcf, 0xc0, 0x0, 0x0,
    0x0, 0xb, 0xf9, 0x0,

    /* U+00BF "¿" */
    0x0, 0x2, 0xcf, 0x90, 0x0, 0x0, 0x0, 0xaf,
    0xff, 0x40, 0x0, 0x0, 0x9, 0xff, 0xf3, 0x0,
    0x0, 0x0, 0x19, 0xb6, 0x0, 0x0, 0x0, 0x0,
    0x33, 0x30, 0x0, 0x0, 0x0, 0x8f, 0xfd, 0x0,
    0x0, 0x0, 0x6f, 0xff, 0x50, 0x0, 0x0, 0x6f,
    0xff, 0x60, 0x0, 0x0, 0xf, 0xff, 0x90, 0x0,
    0x0, 0x3, 0xff, 0xf8, 0x0, 0x6e, 0x60, 0x1f,
    0xff, 0xfe, 0xef, 0xff, 0x90, 0x8f, 0xff, 0xff,
    0xff, 0xc1, 0x0, 0x5b, 0xef, 0xeb, 0x60, 0x0,

    /* U+00C0 "À" */
    0x0, 0x0, 0x58, 0x84, 0x0, 0x0, 0x0, 0x0,
    0x0, 0x0, 0x1c, 0xff, 0x30, 0x0, 0x0, 0x0,
    0x0, 0x0, 0x0, 0xbf, 0xe1, 0x0, 0x0, 0x0,
    0x0, 0x0, 0x0, 0x6, 0x85, 0x0, 0x0, 0x0,
    0x0, 0x0, 0x0, 0xef, 0xff, 0x10, 0x0, 0x0,
    0x0, 0x0, 0x5, 0xff, 0xff, 0x70, 0x0, 0x0,
    0x0, 0x0, 0xc, 0xff, 0xff, 0xe0, 0x0, 0x0,
    0x0, 0x0, 0x2f, 0xff, 0xff, 0xf5, 0x0, 0x0,
    0x0, 0x0, 0x9f, 0xfb, 0xaf, 0xfb, 0x0, 0x0,
    0x0, 0x1, 0xff, 0xf5, 0x4f, 0xff, 0x20, 0x0,
    0x0, 0x7, 0xff, 0xf0, 0xe, 0xff, 0x90, 0x0,
    0x0, 0xe, 0xff, 0x90, 0x8, 0xff, 0xf1, 0x0,
    0x0, 0x5f, 0xff, 0xff, 0xff, 0xff, 0xf7, 0x0,
    0x0, 0xcf, 0xff, 0xff, 0xff, 0xff, 0xfe, 0x0,
    0x2, 0xff, 0xfb, 0xaa, 0xaa, 0xbf, 0xff, 0x50,
    0x9, 0xff, 0xf0, 0x0, 0x0, 0xe, 0xff, 0xc0,
    0x1f, 0xff, 0x90, 0x0, 0x0, 0x8, 0xff, 0xf3,

    /* U+00C1 "Á" */
    0x0, 0x0, 0x0, 0x0, 0x38, 0x86, 0x0, 0x0,
    0x0, 0x0, 0x0, 0x2, 0xef, 0xd2, 0x0, 0x0,
    0x0, 0x0, 0x0, 0xd, 0xfc, 0x10, 0x0, 0x0,
    0x0, 0x0, 0x0, 0x38, 0x70, 0x0, 0x0, 0x0,
    0x0, 0x0, 0x0, 0xef, 0xff, 0x10, 0x0, 0x0,
    0x0, 0x0, 0x5, 0xff, 0xff, 0x70, 0x0, 0x0,
    0x0, 0x0, 0xc, 0xff, 0xff, 0xe0, 0x0, 0x0,
    0x0, 0x0, 0x2f, 0xff, 0xff, 0xf5, 0x0, 0x0,
    0x0, 0x0, 0x9f, 0xfb, 0xaf, 0xfb, 0x0, 0x0,
    0x0, 0x1, 0xff, 0xf5, 0x4f, 0xff, 0x20, 0x0,
    0x0, 0x7, 0xff, 0xf0, 0xe, 0xff, 0x90, 0x0,
    0x0, 0xe, 0xff, 0x90, 0x8, 0xff, 0xf1, 0x0,
    0x0, 0x5f, 0xff, 0xff, 0xff, 0xff, 0xf7, 0x0,
    0x0, 0xcf, 0xff, 0xff, 0xff, 0xff, 0xfe, 0x0,
    0x2, 0xff, 0xfb, 0xaa, 0xaa, 0xbf, 0xff, 0x50,
    0x9, 0xff, 0xf0, 0x0, 0x0, 0xe, 0xff, 0xc0,
    0x1f, 0xff, 0x90, 0x0, 0x0, 0x8, 0xff, 0xf3,

    /* U+00C2 "Â" */
    0x0, 0x0, 0x0, 0x48, 0x85, 0x0, 0x0, 0x0,
    0x0, 0x0, 0x3, 0xff, 0xff, 0x50, 0x0, 0x0,
    0x0, 0x0, 0x1e, 0xf8, 0x6f, 0xf2, 0x0, 0x0,
    0x0, 0x0, 0x48, 0x60, 0x5, 0x85, 0x0, 0x0,
    0x0, 0x0, 0x0, 0xef, 0xff, 0x10, 0x0, 0x0,
    0x0, 0x0, 0x5, 0xff, 0xff, 0x70, 0x0, 0x0,
    0x0, 0x0, 0xc, 0xff, 0xff, 0xe0, 0x0, 0x0,
    0x0, 0x0, 0x2f, 0xff, 0xff, 0xf5, 0x0, 0x0,
    0x0, 0x0, 0x9f, 0xfb, 0xaf, 0xfb, 0x0, 0x0,
    0x0, 0x1, 0xff, 0xf5, 0x4f, 0xff, 0x20, 0x0,
    0x0, 0x7, 0xff, 0xf0, 0xe, 0xff, 0x90, 0x0,
    0x0, 0xe, 0xff, 0x90, 0x8, 0xff, 0xf1, 0x0,
    0x0, 0x5f, 0xff, 0xff, 0xff, 0xff, 0xf7, 0x0,
    0x0, 0xcf, 0xff, 0xff, 0xff, 0xff, 0xfe, 0x0,
    0x2, 0xff, 0xfb, 0xaa, 0xaa, 0xbf, 0xff, 0x50,
    0x9, 0xff, 0xf0, 0x0, 0x0, 0xe, 0xff, 0xc0,
    0x1f, 0xff, 0x90, 0x0, 0x0, 0x8, 0xff, 0xf3,

    /* U+00C3 "Ã" */
    0x0, 0x0, 0x9, 0xec, 0x41, 0xeb, 0x0, 0x0,
    0x0, 0x0, 0x5f, 0xff, 0xff, 0xf8, 0x0, 0x0,
    0x0, 0x0, 0xaf, 0x34, 0xcf, 0xb1, 0x0, 0x0,
    0x0, 0x0, 0x0, 0x0, 0x0, 0x0, 0x0, 0x0,
    0x0, 0x0, 0x0, 0xef, 0xff, 0x10, 0x0, 0x0,
    0x0, 0x0, 0x5, 0xff, 0xff, 0x70, 0x0, 0x0,
    0x0, 0x0, 0xc, 0xff, 0xff, 0xe0, 0x0, 0x0,
    0x0, 0x0, 0x2f, 0xff, 0xff, 0xf5, 0x0, 0x0,
    0x0, 0x0, 0x9f, 0xfb, 0xaf, 0xfb, 0x0, 0x0,
    0x0, 0x1, 0xff, 0xf5, 0x4f, 0xff, 0x20, 0x0,
    0x0, 0x7, 0xff, 0xf0, 0xe, 0xff, 0x90, 0x0,
    0x0, 0xe, 0xff, 0x90, 0x8, 0xff, 0xf1, 0x0,
    0x0, 0x5f, 0xff, 0xff, 0xff, 0xff, 0xf7, 0x0,
    0x0, 0xcf, 0xff, 0xff, 0xff, 0xff, 0xfe, 0x0,
    0x2, 0xff, 0xfb, 0xaa, 0xaa, 0xbf, 0xff, 0x50,
    0x9, 0xff, 0xf0, 0x0, 0x0, 0xe, 0xff, 0xc0,
    0x1f, 0xff, 0x90, 0x0, 0x0, 0x8, 0xff, 0xf3,

    /* U+00C4 "Ä" */
    0x0, 0x0, 0xa, 0xc2, 0x1b, 0xb1, 0x0, 0x0,
    0x0, 0x0, 0x3f, 0xf8, 0x6f, 0xf5, 0x0, 0x0,
    0x0, 0x0, 0xc, 0xe3, 0x2d, 0xd1, 0x0, 0x0,
    0x0, 0x0, 0x0, 0x0, 0x0, 0x0, 0x0, 0x0,
    0x0, 0x0, 0x0, 0xef, 0xff, 0x10, 0x0, 0x0,
    0x0, 0x0, 0x5, 0xff, 0xff, 0x70, 0x0, 0x0,
    0x0, 0x0, 0xc, 0xff, 0xff, 0xe0, 0x0, 0x0,
    0x0, 0x0, 0x2f, 0xff, 0xff, 0xf5, 0x0, 0x0,
    0x0, 0x0, 0x9f, 0xfb, 0xaf, 0xfb, 0x0, 0x0,
    0x0, 0x1, 0xff, 0xf5, 0x4f, 0xff, 0x20, 0x0,
    0x0, 0x7, 0xff, 0xf0, 0xe, 0xff, 0x90, 0x0,
    0x0, 0xe, 0xff, 0x90, 0x8, 0xff, 0xf1, 0x0,
    0x0, 0x5f, 0xff, 0xff, 0xff, 0xff, 0xf7, 0x0,
    0x0, 0xcf, 0xff, 0xff, 0xff, 0xff, 0xfe, 0x0,
    0x2, 0xff, 0xfb, 0xaa, 0xaa, 0xbf, 0xff, 0x50,
    0x9, 0xff, 0xf0, 0x0, 0x0, 0xe, 0xff, 0xc0,
    0x1f, 0xff, 0x90, 0x0, 0x0, 0x8, 0xff, 0xf3,

    /* U+00C5 "Å" */
    0x0, 0x0, 0x0, 0x0, 0x0, 0x0, 0x0, 0x0,
    0x0, 0x0, 0x0, 0x6f, 0xf8, 0x0, 0x0, 0x0,
    0x0, 0x0, 0x2, 0xf7, 0x6f, 0x50, 0x0, 0x0,
    0x0, 0x0, 0x3, 0xf4, 0x3f, 0x50, 0x0, 0x0,
    0x0, 0x0, 0x0, 0x9f, 0xfb, 0x0, 0x0, 0x0,
    0x0, 0x0, 0x0, 0x2, 0x20, 0x0, 0x0, 0x0,
    0x0, 0x0, 0x0, 0xef, 0xff, 0x10, 0x0, 0x0,
    0x0, 0x0, 0x5, 0xff, 0xff, 0x70, 0x0, 0x0,
    0x0, 0x0, 0xc, 0xff, 0xff, 0xe0, 0x0, 0x0,
    0x0, 0x0, 0x2f, 0xff, 0xff, 0xf5, 0x0, 0x0,
    0x0, 0x0, 0x9f, 0xfb, 0xaf, 0xfb, 0x0, 0x0,
    0x0, 0x1, 0xff, 0xf5, 0x4f, 0xff, 0x20, 0x0,
    0x0, 0x7, 0xff, 0xf0, 0xe, 0xff, 0x90, 0x0,
    0x0, 0xe, 0xff, 0x90, 0x8, 0xff, 0xf1, 0x0,
    0x0, 0x5f, 0xff, 0xff, 0xff, 0xff, 0xf7, 0x0,
    0x0, 0xcf, 0xff, 0xff, 0xff, 0xff, 0xfe, 0x0,
    0x2, 0xff, 0xfb, 0xaa, 0xaa, 0xbf, 0xff, 0x50,
    0x9, 0xff, 0xf0, 0x0, 0x0, 0xe, 0xff, 0xc0,
    0x1f, 0xff, 0x90, 0x0, 0x0, 0x8, 0xff, 0xf3,

    /* U+00C6 "Æ" */
    0x0, 0x0, 0x0, 0xa, 0xff, 0xff, 0xff, 0xff,
    0xff, 0xfd, 0x0, 0x0, 0x0, 0x2, 0xff, 0xff,
    0xff, 0xff, 0xff, 0xff, 0xd0, 0x0, 0x0, 0x0,
    0xbf, 0xfe, 0xff, 0xfe, 0xcc, 0xcc, 0xca, 0x0,
    0x0, 0x0, 0x3f, 0xff, 0x3f, 0xff, 0x70, 0x0,
    0x0, 0x0, 0x0, 0x0, 0xc, 0xff, 0xb0, 0xff,
    0xf7, 0x0, 0x0, 0x0, 0x0, 0x0, 0x4, 0xff,
    0xf3, 0xf, 0xff, 0xdb, 0xbb, 0xbb, 0x0, 0x0,
    0x0, 0xcf, 0xfc, 0x0, 0xff, 0xff, 0xff, 0xff,
    0xf1, 0x0, 0x0, 0x5f, 0xff, 0x40, 0xf, 0xff,
    0xff, 0xff, 0xff, 0x10, 0x0, 0xd, 0xff, 0xff,
    0xff, 0xff, 0xf7, 0x0, 0x0, 0x0, 0x0, 0x6,
    0xff, 0xff, 0xff, 0xff, 0xff, 0x70, 0x0, 0x0,
    0x0, 0x0, 0xef, 0xfd, 0xaa, 0xaa, 0xff, 0xfe,
    0xcc, 0xcc, 0xcc, 0x0, 0x7f, 0xff, 0x30, 0x0,
    0xf, 0xff, 0xff, 0xff, 0xff, 0xf1, 0xe, 0xff,
    0xa0, 0x0, 0x0, 0xff, 0xff, 0xff, 0xff, 0xff,
    0x10,

    /* U+00C7 "Ç" */
    0x0, 0x0, 0x5b, 0xef, 0xeb, 0x60, 0x0, 0x2,
    0xdf, 0xff, 0xff, 0xff, 0xd2, 0x1, 0xef, 0xff,
    0xff, 0xff, 0xff, 0xa0, 0xaf, 0xff, 0xb2, 0x1,
    0x7f, 0xa0, 0x1f, 0xff, 0xc0, 0x0, 0x0, 0x20,
    0x4, 0xff, 0xf5, 0x0, 0x0, 0x0, 0x0, 0x5f,
    0xff, 0x30, 0x0, 0x0, 0x0, 0x4, 0xff, 0xf5,
    0x0, 0x0, 0x0, 0x0, 0x1f, 0xff, 0xc0, 0x0,
    0x0, 0x20, 0x0, 0xaf, 0xff, 0xb2, 0x1, 0x7f,
    0xa0, 0x1, 0xef, 0xff, 0xff, 0xff, 0xff, 0xa0,
    0x2, 0xdf, 0xff, 0xff, 0xff, 0xd2, 0x0, 0x0,
    0x6b, 0xff, 0xfb, 0x60, 0x0, 0x0, 0x0, 0xa,
    0xf3, 0x0, 0x0, 0x0, 0x0, 0x0, 0xaf, 0xf5,
    0x0, 0x0, 0x0, 0x0, 0x22, 0xaf, 0x80, 0x0,
    0x0, 0x0, 0xc, 0xff, 0xe2, 0x0, 0x0, 0x0,
    0x0, 0x14, 0x30, 0x0, 0x0,

    /* U+00C8 "È" */
    0x4, 0x88, 0x60, 0x0, 0x0, 0x0, 0xb, 0xff,
    0x50, 0x0, 0x0, 0x0, 0x9, 0xff, 0x30, 0x0,
    0x0, 0x0, 0x6, 0x86, 0x0, 0x0, 0xbf, 0xff,
    0xff, 0xff, 0xff, 0x2b, 0xff, 0xff, 0xff, 0xff,
    0xf2, 0xbf, 0xff, 0xcc, 0xcc, 0xcc, 0x1b, 0xff,
    0xc0, 0x0, 0x0, 0x0, 0xbf, 0xfc, 0x0, 0x0,
    0x0, 0xb, 0xff, 0xeb, 0xbb, 0xbb, 0x40, 0xbf,
    0xff, 0xff, 0xff, 0xf6, 0xb, 0xff, 0xff, 0xff,
    0xff, 0x60, 0xbf, 0xfc, 0x0, 0x0, 0x0, 0xb,
    0xff, 0xc0, 0x0, 0x0, 0x0, 0xbf, 0xff, 0xcc,
    0xcc, 0xcc, 0x4b, 0xff, 0xff, 0xff, 0xff, 0xf6,
    0xbf, 0xff, 0xff, 0xff, 0xff, 0x60,

    /* U+00C9 "É" */
    0x0, 0x0, 0x2, 0x88, 0x70, 0x0, 0x0, 0x1,
    0xdf, 0xe3, 0x0, 0x0, 0x0, 0xbf, 0xd2, 0x0,
    0x0, 0x0, 0x28, 0x71, 0x0, 0x0, 0xbf, 0xff,
    0xff, 0xff, 0xff, 0x2b, 0xff, 0xff, 0xff, 0xff,
    0xf2, 0xbf, 0xff, 0xcc, 0xcc, 0xcc, 0x1b, 0xff,
    0xc0, 0x0, 0x0, 0x0, 0xbf, 0xfc, 0x0, 0x0,
    0x0, 0xb, 0xff, 0xeb, 0xbb, 0xbb, 0x40, 0xbf,
    0xff, 0xff, 0xff, 0xf6, 0xb, 0xff, 0xff, 0xff,
    0xff, 0x60, 0xbf, 0xfc, 0x0, 0x0, 0x0, 0xb,
    0xff, 0xc0, 0x0, 0x0, 0x0, 0xbf, 0xff, 0xcc,
    0xcc, 0xcc, 0x4b, 0xff, 0xff, 0xff, 0xff, 0xf6,
    0xbf, 0xff, 0xff, 0xff, 0xff, 0x60,

    /* U+00CA "Ê" */
    0x0, 0x3, 0x88, 0x60, 0x0, 0x0, 0x1, 0xef,
    0xff, 0x70, 0x0, 0x0, 0xcf, 0xa5, 0xff, 0x40,
    0x0, 0x38, 0x70, 0x3, 0x86, 0x0, 0xbf, 0xff,
    0xff, 0xff, 0xff, 0x2b, 0xff, 0xff, 0xff, 0xff,
    0xf2, 0xbf, 0xff, 0xcc, 0xcc, 0xcc, 0x1b, 0xff,
    0xc0, 0x0, 0x0, 0x0, 0xbf, 0xfc, 0x0, 0x0,
    0x0, 0xb, 0xff, 0xeb, 0xbb, 0xbb, 0x40, 0xbf,
    0xff, 0xff, 0xff, 0xf6, 0xb, 0xff, 0xff, 0xff,
    0xff, 0x60, 0xbf, 0xfc, 0x0, 0x0, 0x0, 0xb,
    0xff, 0xc0, 0x0, 0x0, 0x0, 0xbf, 0xff, 0xcc,
    0xcc, 0xcc, 0x4b, 0xff, 0xff, 0xff, 0xff, 0xf6,
    0xbf, 0xff, 0xff, 0xff, 0xff, 0x60,

    /* U+00CB "Ë" */
    0x0, 0x8c, 0x30, 0xab, 0x20, 0x0, 0x1f, 0xfa,
    0x4f, 0xf8, 0x0, 0x0, 0xbf, 0x51, 0xde, 0x30,
    0x0, 0x0, 0x0, 0x0, 0x0, 0x0, 0xbf, 0xff,
    0xff, 0xff, 0xff, 0x2b, 0xff, 0xff, 0xff, 0xff,
    0xf2, 0xbf, 0xff, 0xcc, 0xcc, 0xcc, 0x1b, 0xff,
    0xc0, 0x0, 0x0, 0x0, 0xbf, 0xfc, 0x0, 0x0,
    0x0, 0xb, 0xff, 0xeb, 0xbb, 0xbb, 0x40, 0xbf,
    0xff, 0xff, 0xff, 0xf6, 0xb, 0xff, 0xff, 0xff,
    0xff, 0x60, 0xbf, 0xfc, 0x0, 0x0, 0x0, 0xb,
    0xff, 0xc0, 0x0, 0x0, 0x0, 0xbf, 0xff, 0xcc,
    0xcc, 0xcc, 0x4b, 0xff, 0xff, 0xff, 0xff, 0xf6,
    0xbf, 0xff, 0xff, 0xff, 0xff, 0x60,

    /* U+00CC "Ì" */
    0x6, 0x88, 0x40, 0x0, 0x1c, 0xff, 0x30, 0x0,
    0xb, 0xfe, 0x10, 0x0, 0x7, 0x84, 0x0, 0xb,
    0xff, 0xd0, 0x0, 0xbf, 0xfd, 0x0, 0xb, 0xff,
    0xd0, 0x0, 0xbf, 0xfd, 0x0, 0xb, 0xff, 0xd0,
    0x0, 0xbf, 0xfd, 0x0, 0xb, 0xff, 0xd0, 0x0,
    0xbf, 0xfd, 0x0, 0xb, 0xff, 0xd0, 0x0, 0xbf,
    0xfd, 0x0, 0xb, 0xff, 0xd0, 0x0, 0xbf, 0xfd,
    0x0, 0xb, 0xff, 0xd0,

    /* U+00CD "Í" */
    0x0, 0x48, 0x86, 0x0, 0x2f, 0xfd, 0x20, 0x1d,
    0xfc, 0x10, 0x4, 0x87, 0x0, 0x0, 0xbf, 0xfd,
    0x0, 0xb, 0xff, 0xd0, 0x0, 0xbf, 0xfd, 0x0,
    0xb, 0xff, 0xd0, 0x0, 0xbf, 0xfd, 0x0, 0xb,
    0xff, 0xd0, 0x0, 0xbf, 0xfd, 0x0, 0xb, 0xff,
    0xd0, 0x0, 0xbf, 0xfd, 0x0, 0xb, 0xff, 0xd0,
    0x0, 0xbf, 0xfd, 0x0, 0xb, 0xff, 0xd0, 0x0,
    0xbf, 0xfd, 0x0, 0x0,

    /* U+00CE "Î" */
    0x0, 0x58, 0x85, 0x0, 0x3, 0xff, 0xff, 0x40,
    0x1e, 0xf8, 0x7f, 0xe2, 0x48, 0x60, 0x5, 0x85,
    0x0, 0xbf, 0xfd, 0x0, 0x0, 0xbf, 0xfd, 0x0,
    0x0, 0xbf, 0xfd, 0x0, 0x0, 0xbf, 0xfd, 0x0,
    0x0, 0xbf, 0xfd, 0x0, 0x0, 0xbf, 0xfd, 0x0,
    0x0, 0xbf, 0xfd, 0x0, 0x0, 0xbf, 0xfd, 0x0,
    0x0, 0xbf, 0xfd, 0x0, 0x0, 0xbf, 0xfd, 0x0,
    0x0, 0xbf, 0xfd, 0x0, 0x0, 0xbf, 0xfd, 0x0,
    0x0, 0xbf, 0xfd, 0x0,

    /* U+00CF "Ï" */
    0xa, 0xc2, 0x1b, 0xa0, 0x3f, 0xf8, 0x6f, 0xf5,
    0xc, 0xe3, 0x2e, 0xd1, 0x0, 0x0, 0x0, 0x0,
    0x0, 0xbf, 0xfd, 0x0, 0x0, 0xbf, 0xfd, 0x0,
    0x0, 0xbf, 0xfd, 0x0, 0x0, 0xbf, 0xfd, 0x0,
    0x0, 0xbf, 0xfd, 0x0, 0x0, 0xbf, 0xfd, 0x0,
    0x0, 0xbf, 0xfd, 0x0, 0x0, 0xbf, 0xfd, 0x0,
    0x0, 0xbf, 0xfd, 0x0, 0x0, 0xbf, 0xfd, 0x0,
    0x0, 0xbf, 0xfd, 0x0, 0x0, 0xbf, 0xfd, 0x0,
    0x0, 0xbf, 0xfd, 0x0,

    /* U+00D0 "Ð" */
    0x0, 0x7f, 0xff, 0xff, 0xfe, 0xc7, 0x10, 0x0,
    0x0, 0x7f, 0xff, 0xff, 0xff, 0xff, 0xe4, 0x0,
    0x0, 0x7f, 0xff, 0xee, 0xef, 0xff, 0xff, 0x30,
    0x0, 0x7f, 0xff, 0x20, 0x1, 0x8f, 0xff, 0xd0,
    0x0, 0x7f, 0xff, 0x20, 0x0, 0x9, 0xff, 0xf4,
    0x3, 0xaf, 0xff, 0x53, 0x30, 0x3, 0xff, 0xf7,
    0xf, 0xff, 0xff, 0xff, 0xf0, 0x1, 0xff, 0xf8,
    0xf, 0xff, 0xff, 0xff, 0xf0, 0x3, 0xff, 0xf7,
    0x0, 0x7f, 0xff, 0x20, 0x0, 0x9, 0xff, 0xf4,
    0x0, 0x7f, 0xff, 0x20, 0x0, 0x8f, 0xff, 0xd0,
    0x0, 0x7f, 0xff, 0xed, 0xef, 0xff, 0xff, 0x30,
    0x0, 0x7f, 0xff, 0xff, 0xff, 0xff, 0xe4, 0x0,
    0x0, 0x7f, 0xff, 0xff, 0xfe, 0xc7, 0x10, 0x0,

    /* U+00D1 "Ñ" */
    0x0, 0x6, 0xed, 0x50, 0xce, 0x0, 0x0, 0x2,
    0xff, 0xff, 0xff, 0xb0, 0x0, 0x0, 0x7f, 0x62,
    0xbf, 0xc2, 0x0, 0x0, 0x0, 0x0, 0x0, 0x0,
    0x0, 0x0, 0xbf, 0xf9, 0x0, 0x0, 0x4f, 0xff,
    0x4b, 0xff, 0xf6, 0x0, 0x4, 0xff, 0xf4, 0xbf,
    0xff, 0xf3, 0x0, 0x4f, 0xff, 0x4b, 0xff, 0xff,
    0xe1, 0x4, 0xff, 0xf4, 0xbf, 0xff, 0xff, 0xc0,
    0x4f, 0xff, 0x4b, 0xff, 0xff, 0xff, 0x94, 0xff,
    0xf4, 0xbf, 0xfc, 0xdf, 0xff, 0xaf, 0xff, 0x4b,
    0xff, 0xc2, 0xff, 0xff, 0xff, 0xf4, 0xbf, 0xfc,
    0x4, 0xff, 0xff, 0xff, 0x4b, 0xff, 0xc0, 0x8,
    0xff, 0xff, 0xf4, 0xbf, 0xfc, 0x0, 0xb, 0xff,
    0xff, 0x4b, 0xff, 0xc0, 0x0, 0xd, 0xff, 0xf4,
    0xbf, 0xfc, 0x0, 0x0, 0x2f, 0xff, 0x40,

    /* U+00D2 "Ò" */
    0x0, 0x1, 0x78, 0x71, 0x0, 0x0, 0x0, 0x0,
    0x0, 0x3, 0xef, 0xd1, 0x0, 0x0, 0x0, 0x0,
    0x0, 0x1, 0xaf, 0xd1, 0x0, 0x0, 0x0, 0x0,
    0x0, 0x0, 0x0, 0x0, 0x0, 0x0, 0x0, 0x0,
    0x5b, 0xef, 0xec, 0x70, 0x0, 0x0, 0x2, 0xcf,
    0xff, 0xff, 0xff, 0xe4, 0x0, 0x1, 0xef, 0xff,
    0xff, 0xff, 0xff, 0xf3, 0x0, 0xaf, 0xff, 0xb2,
    0x1, 0x8f, 0xff, 0xd0, 0x1f, 0xff, 0xc0, 0x0,
    0x0, 0x8f, 0xff, 0x44, 0xff, 0xf5, 0x0, 0x0,
    0x2, 0xff, 0xf8, 0x5f, 0xff, 0x30, 0x0, 0x0,
    0xf, 0xff, 0x94, 0xff, 0xf5, 0x0, 0x0, 0x2,
    0xff, 0xf8, 0x1f, 0xff, 0xc0, 0x0, 0x0, 0x8f,
    0xff, 0x40, 0xaf, 0xff, 0xa2, 0x1, 0x8f, 0xff,
    0xd0, 0x1, 0xef, 0xff, 0xff, 0xff, 0xff, 0xf3,
    0x0, 0x2, 0xdf, 0xff, 0xff, 0xff, 0xe4, 0x0,
    0x0, 0x0, 0x5b, 0xef, 0xec, 0x70, 0x0, 0x0,

    /* U+00D3 "Ó" */
    0x0, 0x0, 0x0, 0x0, 0x78, 0x82, 0x0, 0x0,
    0x0, 0x0, 0x0, 0xaf, 0xf6, 0x0, 0x0, 0x0,
    0x0, 0x0, 0xaf, 0xd2, 0x0, 0x0, 0x0, 0x0,
    0x0, 0x0, 0x0, 0x0, 0x0, 0x0, 0x0, 0x0,
    0x5b, 0xef, 0xec, 0x70, 0x0, 0x0, 0x2, 0xcf,
    0xff, 0xff, 0xff, 0xe4, 0x0, 0x1, 0xef, 0xff,
    0xff, 0xff, 0xff, 0xf3, 0x0, 0xaf, 0xff, 0xb2,
    0x1, 0x8f, 0xff, 0xd0, 0x1f, 0xff, 0xc0, 0x0,
    0x0, 0x8f, 0xff, 0x44, 0xff, 0xf5, 0x0, 0x0,
    0x2, 0xff, 0xf8, 0x5f, 0xff, 0x30, 0x0, 0x0,
    0xf, 0xff, 0x94, 0xff, 0xf5, 0x0, 0x0, 0x2,
    0xff, 0xf8, 0x1f, 0xff, 0xc0, 0x0, 0x0, 0x8f,
    0xff, 0x40, 0xaf, 0xff, 0xa2, 0x1, 0x8f, 0xff,
    0xd0, 0x1, 0xef, 0xff, 0xff, 0xff, 0xff, 0xf3,
    0x0, 0x2, 0xdf, 0xff, 0xff, 0xff, 0xe4, 0x0,
    0x0, 0x0, 0x5b, 0xef, 0xec, 0x70, 0x0, 0x0,

    /* U+00D4 "Ô" */
    0x0, 0x0, 0x0, 0x78, 0x82, 0x0, 0x0, 0x0,
    0x0, 0x0, 0xcf, 0xef, 0xe2, 0x0, 0x0, 0x0,
    0x0, 0xbf, 0xa0, 0x7f, 0xd1, 0x0, 0x0, 0x0,
    0x0, 0x0, 0x0, 0x0, 0x0, 0x0, 0x0, 0x0,
    0x5b, 0xef, 0xec, 0x70, 0x0, 0x0, 0x2, 0xcf,
    0xff, 0xff, 0xff, 0xe4, 0x0, 0x1, 0xef, 0xff,
    0xff, 0xff, 0xff, 0xf3, 0x0, 0xaf, 0xff, 0xb2,
    0x1, 0x8f, 0xff, 0xd0, 0x1f, 0xff, 0xc0, 0x0,
    0x0, 0x8f, 0xff, 0x44, 0xff, 0xf5, 0x0, 0x0,
    0x2, 0xff, 0xf8, 0x5f, 0xff, 0x30, 0x0, 0x0,
    0xf, 0xff, 0x94, 0xff, 0xf5, 0x0, 0x0, 0x2,
    0xff, 0xf8, 0x1f, 0xff, 0xc0, 0x0, 0x0, 0x8f,
    0xff, 0x40, 0xaf, 0xff, 0xa2, 0x1, 0x8f, 0xff,
    0xd0, 0x1, 0xef, 0xff, 0xff, 0xff, 0xff, 0xf3,
    0x0, 0x2, 0xdf, 0xff, 0xff, 0xff, 0xe4, 0x0,
    0x0, 0x0, 0x5b, 0xef, 0xec, 0x70, 0x0, 0x0,

    /* U+00D5 "Õ" */
    0x0, 0x0, 0x2c, 0xe9, 0x17, 0xf4, 0x0, 0x0,
    0x0, 0xd, 0xff, 0xff, 0xff, 0x10, 0x0, 0x0,
    0x1, 0xfb, 0x18, 0xee, 0x60, 0x0, 0x0, 0x0,
    0x0, 0x0, 0x0, 0x0, 0x0, 0x0, 0x0, 0x0,
    0x5b, 0xef, 0xec, 0x70, 0x0, 0x0, 0x2, 0xcf,
    0xff, 0xff, 0xff, 0xe4, 0x0, 0x1, 0xef, 0xff,
    0xff, 0xff, 0xff, 0xf3, 0x0, 0xaf, 0xff, 0xb2,
    0x1, 0x8f, 0xff, 0xd0, 0x1f, 0xff, 0xc0, 0x0,
    0x0, 0x8f, 0xff, 0x44, 0xff, 0xf5, 0x0, 0x0,
    0x2, 0xff, 0xf8, 0x5f, 0xff, 0x30, 0x0, 0x0,
    0xf, 0xff, 0x94, 0xff, 0xf5, 0x0, 0x0, 0x2,
    0xff, 0xf8, 0x1f, 0xff, 0xc0, 0x0, 0x0, 0x8f,
    0xff, 0x40, 0xaf, 0xff, 0xa2, 0x1, 0x8f, 0xff,
    0xd0, 0x1, 0xef, 0xff, 0xff, 0xff, 0xff, 0xf3,
    0x0, 0x2, 0xdf, 0xff, 0xff, 0xff, 0xe4, 0x0,
    0x0, 0x0, 0x5b, 0xef, 0xec, 0x70, 0x0, 0x0,

    /* U+00D6 "Ö" */
    0x0, 0x0, 0x3c, 0x80, 0x5c, 0x60, 0x0, 0x0,
    0x0, 0xa, 0xff, 0x1d, 0xfe, 0x0, 0x0, 0x0,
    0x0, 0x5f, 0xb0, 0x8f, 0x80, 0x0, 0x0, 0x0,
    0x0, 0x0, 0x0, 0x0, 0x0, 0x0, 0x0, 0x0,
    0x5b, 0xef, 0xec, 0x70, 0x0, 0x0, 0x2, 0xcf,
    0xff, 0xff, 0xff, 0xe4, 0x0, 0x1, 0xef, 0xff,
    0xff, 0xff, 0xff, 0xf3, 0x0, 0xaf, 0xff, 0xb2,
    0x1, 0x8f, 0xff, 0xd0, 0x1f, 0xff, 0xc0, 0x0,
    0x0, 0x8f, 0xff, 0x44, 0xff, 0xf5, 0x0, 0x0,
    0x2, 0xff, 0xf8, 0x5f, 0xff, 0x30, 0x0, 0x0,
    0xf, 0xff, 0x94, 0xff, 0xf5, 0x0, 0x0, 0x2,
    0xff, 0xf8, 0x1f, 0xff, 0xc0, 0x0, 0x0, 0x8f,
    0xff, 0x40, 0xaf, 0xff, 0xa2, 0x1, 0x8f, 0xff,
    0xd0, 0x1, 0xef, 0xff, 0xff, 0xff, 0xff, 0xf3,
    0x0, 0x2, 0xdf, 0xff, 0xff, 0xff, 0xe4, 0x0,
    0x0, 0x0, 0x5b, 0xef, 0xec, 0x70, 0x0, 0x0,

    /* U+00D7 "×" */
    0x0, 0x30, 0x0, 0x30, 0x0, 0xaf, 0x40, 0x4f,
    0xa0, 0x4f, 0xff, 0x7f, 0xff, 0x40, 0x7f, 0xff,
    0xff, 0x70, 0x0, 0x9f, 0xff, 0x90, 0x0, 0x3f,
    0xff, 0xff, 0x30, 0x3f, 0xff, 0xcf, 0xff, 0x31,
    0xdf, 0x80, 0x8f, 0xd1, 0x1, 0x70, 0x0, 0x71,
    0x0,

    /* U+00D8 "Ø" */
    0x0, 0x0, 0x0, 0x0, 0x0, 0x9f, 0x80, 0x0,
    0x0, 0x5, 0xbe, 0xfe, 0xef, 0xf0, 0x0, 0x0,
    0x2c, 0xff, 0xff, 0xff, 0xff, 0x40, 0x0, 0x1e,
    0xff, 0xff, 0xff, 0xff, 0xff, 0x30, 0xa, 0xff,
    0xfb, 0x20, 0xef, 0xff, 0xfd, 0x1, 0xff, 0xfc,
    0x0, 0x5f, 0xc8, 0xff, 0xf4, 0x4f, 0xff, 0x50,
    0xd, 0xf3, 0x2f, 0xff, 0x85, 0xff, 0xf3, 0x6,
    0xfa, 0x0, 0xff, 0xf9, 0x4f, 0xff, 0x50, 0xef,
    0x20, 0x2f, 0xff, 0x81, 0xff, 0xfc, 0x8f, 0x90,
    0x8, 0xff, 0xf4, 0xa, 0xff, 0xff, 0xf1, 0x18,
    0xff, 0xfd, 0x0, 0x1e, 0xff, 0xff, 0xff, 0xff,
    0xff, 0x30, 0x0, 0x2f, 0xff, 0xff, 0xff, 0xfe,
    0x40, 0x0, 0x0, 0xbf, 0xfe, 0xfe, 0xc7, 0x0,
    0x0, 0x0, 0x4f, 0xd0, 0x0, 0x0, 0x0, 0x0,
    0x0,

    /* U+00D9 "Ù" */
    0x0, 0x48, 0x85, 0x0, 0x0, 0x0, 0x0, 0x9,
    0xff, 0x60, 0x0, 0x0, 0x0, 0x0, 0x5e, 0xf6,
    0x0, 0x0, 0x0, 0x0, 0x0, 0x0, 0x0, 0x0,
    0xdf, 0xfb, 0x0, 0x0, 0x8f, 0xff, 0xdf, 0xfb,
    0x0, 0x0, 0x8f, 0xff, 0xdf, 0xfb, 0x0, 0x0,
    0x8f, 0xff, 0xdf, 0xfb, 0x0, 0x0, 0x8f, 0xff,
    0xdf, 0xfb, 0x0, 0x0, 0x8f, 0xff, 0xdf, 0xfb,
    0x0, 0x0, 0x8f, 0xff, 0xdf, 0xfb, 0x0, 0x0,
    0x8f, 0xff, 0xdf, 0xfc, 0x0, 0x0, 0x9f, 0xff,
    0xbf, 0xfe, 0x0, 0x0, 0xcf, 0xfd, 0x7f, 0xff,
    0x91, 0x7, 0xff, 0xf9, 0x1e, 0xff, 0xff, 0xff,
    0xff, 0xf2, 0x4, 0xff, 0xff, 0xff, 0xff, 0x50,
    0x0, 0x18, 0xdf, 0xfd, 0x92, 0x0,

    /* U+00DA "Ú" */
    0x0, 0x0, 0x0, 0x38, 0x86, 0x0, 0x0, 0x0,
    0x3, 0xff, 0xb1, 0x0, 0x0, 0x0, 0x3f, 0xf7,
    0x0, 0x0, 0x0, 0x0, 0x0, 0x0, 0x0, 0x0,
    0xdf, 0xfb, 0x0, 0x0, 0x8f, 0xff, 0xdf, 0xfb,
    0x0, 0x0, 0x8f, 0xff, 0xdf, 0xfb, 0x0, 0x0,
    0x8f, 0xff, 0xdf, 0xfb, 0x0, 0x0, 0x8f, 0xff,
    0xdf, 0xfb, 0x0, 0x0, 0x8f, 0xff, 0xdf, 0xfb,
    0x0, 0x0, 0x8f, 0xff, 0xdf, 0xfb, 0x0, 0x0,
    0x8f, 0xff, 0xdf, 0xfc, 0x0, 0x0, 0x9f, 0xff,
    0xbf, 0xfe, 0x0, 0x0, 0xcf, 0xfd, 0x7f, 0xff,
    0x91, 0x7, 0xff, 0xf9, 0x1e, 0xff, 0xff, 0xff,
    0xff, 0xf2, 0x4, 0xff, 0xff, 0xff, 0xff, 0x50,
    0x0, 0x18, 0xdf, 0xfd, 0x92, 0x0,

    /* U+00DB "Û" */
    0x0, 0x0, 0x48, 0x86, 0x0, 0x0, 0x0, 0x5,
    0xff, 0xff, 0x80, 0x0, 0x0, 0x4f, 0xe4, 0x2d,
    0xf7, 0x0, 0x0, 0x0, 0x0, 0x0, 0x0, 0x0,
    0xdf, 0xfb, 0x0, 0x0, 0x8f, 0xff, 0xdf, 0xfb,
    0x0, 0x0, 0x8f, 0xff, 0xdf, 0xfb, 0x0, 0x0,
    0x8f, 0xff, 0xdf, 0xfb, 0x0, 0x0, 0x8f, 0xff,
    0xdf, 0xfb, 0x0, 0x0, 0x8f, 0xff, 0xdf, 0xfb,
    0x0, 0x0, 0x8f, 0xff, 0xdf, 0xfb, 0x0, 0x0,
    0x8f, 0xff, 0xdf, 0xfc, 0x0, 0x0, 0x9f, 0xff,
    0xbf, 0xfe, 0x0, 0x0, 0xcf, 0xfd, 0x7f, 0xff,
    0x91, 0x7, 0xff, 0xf9, 0x1e, 0xff, 0xff, 0xff,
    0xff, 0xf2, 0x4, 0xff, 0xff, 0xff, 0xff, 0x50,
    0x0, 0x18, 0xdf, 0xfd, 0x92, 0x0,

    /* U+00DC "Ü" */
    0x0, 0x9, 0xc2, 0x1b, 0xb1, 0x0, 0x0, 0x2f,
    0xf9, 0x5f, 0xf6, 0x0, 0x0, 0xc, 0xe4, 0x1d,
    0xd2, 0x0, 0x0, 0x0, 0x0, 0x0, 0x0, 0x0,
    0xdf, 0xfb, 0x0, 0x0, 0x8f, 0xff, 0xdf, 0xfb,
    0x0, 0x0, 0x8f, 0xff, 0xdf, 0xfb, 0x0, 0x0,
    0x8f, 0xff, 0xdf, 0xfb, 0x0, 0x0, 0x8f, 0xff,
    0xdf, 0xfb, 0x0, 0x0, 0x8f, 0xff, 0xdf, 0xfb,
    0x0, 0x0, 0x8f, 0xff, 0xdf, 0xfb, 0x0, 0x0,
    0x8f, 0xff, 0xdf, 0xfc, 0x0, 0x0, 0x9f, 0xff,
    0xbf, 0xfe, 0x0, 0x0, 0xcf, 0xfd, 0x7f, 0xff,
    0x91, 0x7, 0xff, 0xf9, 0x1e, 0xff, 0xff, 0xff,
    0xff, 0xf2, 0x4, 0xff, 0xff, 0xff, 0xff, 0x50,
    0x0, 0x18, 0xdf, 0xfd, 0x92, 0x0,

    /* U+00DD "Ý" */
    0x0, 0x0, 0x0, 0x2, 0x77, 0x70, 0x0, 0x0,
    0x0, 0x0, 0x2e, 0xfd, 0x20, 0x0, 0x0, 0x0,
    0x1, 0xef, 0x90, 0x0, 0x0, 0x0, 0x0, 0x0,
    0x0, 0x0, 0x0, 0x0, 0x1f, 0xff, 0xb0, 0x0,
    0x0, 0xef, 0xf8, 0x7, 0xff, 0xf4, 0x0, 0x7,
    0xff, 0xe0, 0x0, 0xef, 0xfd, 0x0, 0x1f, 0xff,
    0x60, 0x0, 0x5f, 0xff, 0x60, 0xaf, 0xfc, 0x0,
    0x0, 0xb, 0xff, 0xe5, 0xff, 0xf3, 0x0, 0x0,
    0x2, 0xff, 0xff, 0xff, 0xa0, 0x0, 0x0, 0x0,
    0x9f, 0xff, 0xff, 0x10, 0x0, 0x0, 0x0, 0x1e,
    0xff, 0xf8, 0x0, 0x0, 0x0, 0x0, 0x9, 0xff,
    0xf0, 0x0, 0x0, 0x0, 0x0, 0x8, 0xff, 0xf0,
    0x0, 0x0, 0x0, 0x0, 0x8, 0xff, 0xf0, 0x0,
    0x0, 0x0, 0x0, 0x8, 0xff, 0xf0, 0x0, 0x0,
    0x0, 0x0, 0x8, 0xff, 0xf0, 0x0, 0x0,

    /* U+00DE "Þ" */
    0xbf, 0xfd, 0x0, 0x0, 0x0, 0x0, 0xbf, 0xfd,
    0x0, 0x0, 0x0, 0x0, 0xbf, 0xff, 0xff, 0xfd,
    0x92, 0x0, 0xbf, 0xff, 0xff, 0xff, 0xff, 0x50,
    0xbf, 0xff, 0xdd, 0xef, 0xff, 0xf2, 0xbf, 0xfd,
    0x0, 0x6, 0xff, 0xf7, 0xbf, 0xfd, 0x0, 0x0,
    0xff, 0xf9, 0xbf, 0xfd, 0x0, 0x6, 0xff, 0xf7,
    0xbf, 0xff, 0xdd, 0xef, 0xff, 0xf2, 0xbf, 0xff,
    0xff, 0xff, 0xff, 0x60, 0xbf, 0xff, 0xff, 0xfd,
    0x92, 0x0, 0xbf, 0xfd, 0x0, 0x0, 0x0, 0x0,
    0xbf, 0xfd, 0x0, 0x0, 0x0, 0x0,

    /* U+00DF "ß" */
    0x0, 0x17, 0xab, 0x94, 0x0, 0x0, 0x5, 0xff,
    0xff, 0xff, 0xc1, 0x0, 0x2f, 0xff, 0xff, 0xff,
    0xfa, 0x0, 0x9f, 0xfe, 0x30, 0x9f, 0xff, 0x0,
    0xdf, 0xf9, 0x0, 0x4f, 0xff, 0x0, 0xef, 0xf8,
    0x1, 0xbf, 0xfb, 0x0, 0xef, 0xf8, 0xf, 0xff,
    0xf1, 0x0, 0xef, 0xf8, 0xf, 0xff, 0xfe, 0x20,
    0xef, 0xf8, 0xa, 0xbf, 0xff, 0xd0, 0xef, 0xf8,
    0x0, 0x6, 0xff, 0xf1, 0xef, 0xf8, 0x0, 0x7,
    0xff, 0xf2, 0xef, 0xf8, 0x4d, 0xcf, 0xff, 0xe0,
    0xef, 0xf8, 0x7f, 0xff, 0xff, 0x40, 0xef, 0xf8,
    0x7e, 0xfe, 0xa3, 0x0,

    /* U+00E0 "à" */
    0x1, 0xcf, 0xf6, 0x0, 0x0, 0x0, 0x0, 0xbf,
    0xf3, 0x0, 0x0, 0x0, 0x0, 0x9f, 0xe1, 0x0,
    0x0, 0x0, 0x0, 0x0, 0x0, 0x0, 0x2, 0x8c,
    0xff, 0xea, 0x30, 0x0, 0xdf, 0xff, 0xff, 0xff,
    0x40, 0x5, 0xfd, 0xab, 0xff, 0xfd, 0x0, 0x3,
    0x0, 0x6, 0xff, 0xf2, 0x2, 0xae, 0xff, 0xff,
    0xff, 0x31, 0xef, 0xfe, 0xcd, 0xff, 0xf3, 0x6f,
    0xfe, 0x0, 0x3f, 0xff, 0x35, 0xff, 0xf5, 0x3c,
    0xff, 0xf3, 0x1e, 0xff, 0xff, 0xff, 0xff, 0x30,
    0x2a, 0xef, 0xc4, 0xff, 0xf3,

    /* U+00E1 "á" */
    0x0, 0x0, 0x2, 0xff, 0xe3, 0x0, 0x0, 0x1,
    0xdf, 0xd2, 0x0, 0x0, 0x0, 0xbf, 0xc1, 0x0,
    0x0, 0x0, 0x0, 0x0, 0x0, 0x0, 0x2, 0x8c,
    0xff, 0xea, 0x30, 0x0, 0xdf, 0xff, 0xff, 0xff,
    0x40, 0x5, 0xfd, 0xab, 0xff, 0xfd, 0x0, 0x3,
    0x0, 0x6, 0xff, 0xf2, 0x2, 0xae, 0xff, 0xff,
    0xff, 0x31, 0xef, 0xfe, 0xcd, 0xff, 0xf3, 0x6f,
    0xfe, 0x0, 0x3f, 0xff, 0x35, 0xff, 0xf5, 0x3c,
    0xff, 0xf3, 0x1e, 0xff, 0xff, 0xff, 0xff, 0x30,
    0x2a, 0xef, 0xc4, 0xff, 0xf3,

    /* U+00E2 "â" */
    0x0, 0x4, 0xff, 0xf7, 0x0, 0x0, 0x1, 0xef,
    0xcf, 0xf4, 0x0, 0x0, 0xcf, 0x90, 0x5f, 0xe2,
    0x0, 0x0, 0x0, 0x0, 0x0, 0x0, 0x2, 0x8c,
    0xff, 0xea, 0x30, 0x0, 0xdf, 0xff, 0xff, 0xff,
    0x40, 0x5, 0xfd, 0xab, 0xff, 0xfd, 0x0, 0x3,
    0x0, 0x6, 0xff, 0xf2, 0x2, 0xae, 0xff, 0xff,
    0xff, 0x31, 0xef, 0xfe, 0xcd, 0xff, 0xf3, 0x6f,
    0xfe, 0x0, 0x3f, 0xff, 0x35, 0xff, 0xf5, 0x3c,
    0xff, 0xf3, 0x1e, 0xff, 0xff, 0xff, 0xff, 0x30,
    0x2a, 0xef, 0xc4, 0xff, 0xf3,

    /* U+00E3 "ã" */
    0x0, 0x2d, 0xe9, 0x28, 0xf4, 0x0, 0xc, 0xff,
    0xff, 0xff, 0x0, 0x0, 0xeb, 0x6, 0xdd, 0x40,
    0x0, 0x0, 0x0, 0x0, 0x0, 0x0, 0x2, 0x8c,
    0xff, 0xea, 0x30, 0x0, 0xdf, 0xff, 0xff, 0xff,
    0x40, 0x5, 0xfd, 0xab, 0xff, 0xfd, 0x0, 0x3,
    0x0, 0x6, 0xff, 0xf2, 0x2, 0xae, 0xff, 0xff,
    0xff, 0x31, 0xef, 0xfe, 0xcd, 0xff, 0xf3, 0x6f,
    0xfe, 0x0, 0x3f, 0xff, 0x35, 0xff, 0xf5, 0x3c,
    0xff, 0xf3, 0x1e, 0xff, 0xff, 0xff, 0xff, 0x30,
    0x2a, 0xef, 0xc4, 0xff, 0xf3,

    /* U+00E4 "ä" */
    0x0, 0x5f, 0xb0, 0x7f, 0x80, 0x0, 0xa, 0xff,
    0x1d, 0xfe, 0x0, 0x0, 0x3c, 0x80, 0x5c, 0x60,
    0x0, 0x0, 0x0, 0x0, 0x0, 0x0, 0x2, 0x8c,
    0xff, 0xea, 0x30, 0x0, 0xdf, 0xff, 0xff, 0xff,
    0x40, 0x5, 0xfd, 0xab, 0xff, 0xfd, 0x0, 0x3,
    0x0, 0x6, 0xff, 0xf2, 0x2, 0xae, 0xff, 0xff,
    0xff, 0x31, 0xef, 0xfe, 0xcd, 0xff, 0xf3, 0x6f,
    0xfe, 0x0, 0x3f, 0xff, 0x35, 0xff, 0xf5, 0x3c,
    0xff, 0xf3, 0x1e, 0xff, 0xff, 0xff, 0xff, 0x30,
    0x2a, 0xef, 0xc4, 0xff, 0xf3,

    /* U+00E5 "å" */
    0x0, 0x0, 0x0, 0x0, 0x0, 0x0, 0x0, 0x1b,
    0xfd, 0x30, 0x0, 0x0, 0x9, 0xd4, 0xbe, 0x0,
    0x0, 0x0, 0xac, 0x19, 0xe0, 0x0, 0x0, 0x2,
    0xef, 0xf5, 0x0, 0x0, 0x0, 0x0, 0x31, 0x0,
    0x0, 0x2, 0x8c, 0xff, 0xea, 0x30, 0x0, 0xdf,
    0xff, 0xff, 0xff, 0x40, 0x5, 0xfd, 0xab, 0xff,
    0xfd, 0x0, 0x3, 0x0, 0x6, 0xff, 0xf2, 0x2,
    0xae, 0xff, 0xff, 0xff, 0x31, 0xef, 0xfe, 0xcd,
    0xff, 0xf3, 0x6f, 0xfe, 0x0, 0x3f, 0xff, 0x35,
    0xff, 0xf5, 0x3c, 0xff, 0xf3, 0x1e, 0xff, 0xff,
    0xff, 0xff, 0x30, 0x2a, 0xef, 0xc4, 0xff, 0xf3,

    /* U+00E6 "æ" */
    0x2, 0x8c, 0xff, 0xd9, 0x12, 0xae, 0xfd, 0x81,
    0x0, 0xd, 0xff, 0xff, 0xff, 0xef, 0xff, 0xff,
    0xfe, 0x20, 0x5, 0xfd, 0xab, 0xff, 0xff, 0xfc,
    0xae, 0xff, 0xd0, 0x0, 0x30, 0x0, 0x6f, 0xff,
    0x80, 0x1, 0xff, 0xf4, 0x2, 0xae, 0xff, 0xff,
    0xff, 0xff, 0xff, 0xff, 0xf7, 0x1e, 0xff, 0xed,
    0xdf, 0xff, 0xed, 0xdd, 0xdd, 0xd6, 0x6f, 0xfe,
    0x0, 0x3f, 0xff, 0xb0, 0x0, 0x31, 0x0, 0x5f,
    0xff, 0x53, 0xcf, 0xff, 0xfd, 0xac, 0xfd, 0x10,
    0xd, 0xff, 0xff, 0xff, 0xaf, 0xff, 0xff, 0xff,
    0x70, 0x1, 0x8d, 0xff, 0xb4, 0x3, 0xae, 0xfe,
    0xb5, 0x0,

    /* U+00E7 "ç" */
    0x0, 0x7, 0xcf, 0xfd, 0x70, 0x0, 0x1d, 0xff,
    0xff, 0xff, 0xc0, 0xc, 0xff, 0xfd, 0xdf, 0xff,
    0x64, 0xff, 0xf8, 0x0, 0x6c, 0x40, 0x7f, 0xff,
    0x0, 0x0, 0x0, 0x7, 0xff, 0xf0, 0x0, 0x0,
    0x0, 0x4f, 0xff, 0x70, 0x5, 0xb3, 0x0, 0xcf,
    0xff, 0xcc, 0xff, 0xf6, 0x1, 0xdf, 0xff, 0xff,
    0xfd, 0x0, 0x0, 0x7d, 0xff, 0xd7, 0x0, 0x0,
    0x0, 0x3f, 0x90, 0x0, 0x0, 0x0, 0x5, 0xef,
    0xa0, 0x0, 0x0, 0x0, 0x35, 0xff, 0x0, 0x0,
    0x0, 0x5f, 0xff, 0x80, 0x0, 0x0, 0x0, 0x34,
    0x10, 0x0, 0x0,

    /* U+00E8 "è" */
    0x0, 0xbf, 0xf8, 0x0, 0x0, 0x0, 0x0, 0x9,
    0xff, 0x50, 0x0, 0x0, 0x0, 0x0, 0x7f, 0xf2,
    0x0, 0x0, 0x0, 0x0, 0x0, 0x0, 0x0, 0x0,
    0x0, 0x7, 0xdf, 0xeb, 0x50, 0x0, 0x2, 0xdf,
    0xff, 0xff, 0xfa, 0x0, 0xc, 0xff, 0xe8, 0x9f,
    0xff, 0x60, 0x4f, 0xff, 0x10, 0x5, 0xff, 0xd0,
    0x7f, 0xff, 0xff, 0xff, 0xff, 0xf0, 0x7f, 0xff,
    0xdd, 0xdd, 0xdd, 0xd0, 0x4f, 0xff, 0x50, 0x0,
    0x40, 0x0, 0xc, 0xff, 0xfc, 0xad, 0xf7, 0x0,
    0x1, 0xdf, 0xff, 0xff, 0xff, 0x20, 0x0, 0x7,
    0xce, 0xfe, 0x92, 0x0,

    /* U+00E9 "é" */
    0x0, 0x0, 0x1, 0xef, 0xf5, 0x0, 0x0, 0x0,
    0xc, 0xfe, 0x30, 0x0, 0x0, 0x0, 0x9f, 0xe2,
    0x0, 0x0, 0x0, 0x0, 0x0, 0x0, 0x0, 0x0,
    0x0, 0x7, 0xdf, 0xeb, 0x50, 0x0, 0x2, 0xdf,
    0xff, 0xff, 0xfa, 0x0, 0xc, 0xff, 0xe8, 0x9f,
    0xff, 0x60, 0x4f, 0xff, 0x10, 0x5, 0xff, 0xd0,
    0x7f, 0xff, 0xff, 0xff, 0xff, 0xf0, 0x7f, 0xff,
    0xdd, 0xdd, 0xdd, 0xd0, 0x4f, 0xff, 0x50, 0x0,
    0x40, 0x0, 0xc, 0xff, 0xfc, 0xad, 0xf7, 0x0,
    0x1, 0xdf, 0xff, 0xff, 0xff, 0x20, 0x0, 0x7,
    0xce, 0xfe, 0x92, 0x0,

    /* U+00EA "ê" */
    0x0, 0x2, 0xff, 0xfa, 0x0, 0x0, 0x0, 0xd,
    0xfc, 0xff, 0x60, 0x0, 0x0, 0xaf, 0xb0, 0x3f,
    0xf3, 0x0, 0x0, 0x0, 0x0, 0x0, 0x0, 0x0,
    0x0, 0x7, 0xdf, 0xeb, 0x50, 0x0, 0x2, 0xdf,
    0xff, 0xff, 0xfa, 0x0, 0xc, 0xff, 0xe8, 0x9f,
    0xff, 0x60, 0x4f, 0xff, 0x10, 0x5, 0xff, 0xd0,
    0x7f, 0xff, 0xff, 0xff, 0xff, 0xf0, 0x7f, 0xff,
    0xdd, 0xdd, 0xdd, 0xd0, 0x4f, 0xff, 0x50, 0x0,
    0x40, 0x0, 0xc, 0xff, 0xfc, 0xad, 0xf7, 0x0,
    0x1, 0xdf, 0xff, 0xff, 0xff, 0x20, 0x0, 0x7,
    0xce, 0xfe, 0x92, 0x0,

    /* U+00EB "ë" */
    0x0, 0x3e, 0xc0, 0x5f, 0xa0, 0x0, 0x0, 0x8f,
    0xf4, 0xbf, 0xf1, 0x0, 0x0, 0x2c, 0xa0, 0x4c,
    0x80, 0x0, 0x0, 0x0, 0x0, 0x0, 0x0, 0x0,
    0x0, 0x7, 0xdf, 0xeb, 0x50, 0x0, 0x2, 0xdf,
    0xff, 0xff, 0xfa, 0x0, 0xc, 0xff, 0xe8, 0x9f,
    0xff, 0x60, 0x4f, 0xff, 0x10, 0x5, 0xff, 0xd0,
    0x7f, 0xff, 0xff, 0xff, 0xff, 0xf0, 0x7f, 0xff,
    0xdd, 0xdd, 0xdd, 0xd0, 0x4f, 0xff, 0x50, 0x0,
    0x40, 0x0, 0xc, 0xff, 0xfc, 0xad, 0xf7, 0x0,
    0x1, 0xdf, 0xff, 0xff, 0xff, 0x20, 0x0, 0x7,
    0xce, 0xfe, 0x92, 0x0,

    /* U+00EC "ì" */
    0xa, 0xff, 0x80, 0x0, 0x9, 0xff, 0x50, 0x0,
    0x7, 0xff, 0x30, 0x0, 0x0, 0x0, 0x0, 0xe,
    0xff, 0x80, 0x0, 0xef, 0xf8, 0x0, 0xe, 0xff,
    0x80, 0x0, 0xef, 0xf8, 0x0, 0xe, 0xff, 0x80,
    0x0, 0xef, 0xf8, 0x0, 0xe, 0xff, 0x80, 0x0,
    0xef, 0xf8, 0x0, 0xe, 0xff, 0x80, 0x0, 0xef,
    0xf8,

    /* U+00ED "í" */
    0x1, 0xdf, 0xf5, 0xb, 0xfe, 0x30, 0x8f, 0xe2,
    0x0, 0x0, 0x0, 0x0, 0xef, 0xf8, 0x0, 0xef,
    0xf8, 0x0, 0xef, 0xf8, 0x0, 0xef, 0xf8, 0x0,
    0xef, 0xf8, 0x0, 0xef, 0xf8, 0x0, 0xef, 0xf8,
    0x0, 0xef, 0xf8, 0x0, 0xef, 0xf8, 0x0, 0xef,
    0xf8, 0x0,

    /* U+00EE "î" */
    0x0, 0xac, 0xc6, 0x0, 0x8, 0xff, 0xff, 0x20,
    0x3f, 0xf3, 0x8f, 0xc0, 0x0, 0x0, 0x0, 0x0,
    0x0, 0xef, 0xf8, 0x0, 0x0, 0xef, 0xf8, 0x0,
    0x0, 0xef, 0xf8, 0x0, 0x0, 0xef, 0xf8, 0x0,
    0x0, 0xef, 0xf8, 0x0, 0x0, 0xef, 0xf8, 0x0,
    0x0, 0xef, 0xf8, 0x0, 0x0, 0xef, 0xf8, 0x0,
    0x0, 0xef, 0xf8, 0x0, 0x0, 0xef, 0xf8, 0x0,

    /* U+00EF "ï" */
    0x8, 0xc2, 0x6c, 0x30, 0xff, 0x8e, 0xfa, 0xb,
    0xe3, 0x8f, 0x50, 0x0, 0x0, 0x0, 0x0, 0xef,
    0xf8, 0x0, 0xe, 0xff, 0x80, 0x0, 0xef, 0xf8,
    0x0, 0xe, 0xff, 0x80, 0x0, 0xef, 0xf8, 0x0,
    0xe, 0xff, 0x80, 0x0, 0xef, 0xf8, 0x0, 0xe,
    0xff, 0x80, 0x0, 0xef, 0xf8, 0x0, 0xe, 0xff,
    0x80,

    /* U+00F0 "ð" */
    0x0, 0x8, 0xa2, 0x0, 0x63, 0x0, 0xc, 0xff,
    0xfa, 0xef, 0x80, 0x0, 0x8, 0xff, 0xff, 0x30,
    0x0, 0x2a, 0xff, 0xdf, 0xfb, 0x0, 0x2, 0xe7,
    0x10, 0xcf, 0xf6, 0x0, 0x0, 0x34, 0x22, 0xff,
    0xe0, 0x4, 0xef, 0xff, 0xde, 0xff, 0x42, 0xff,
    0xff, 0xff, 0xff, 0xf7, 0x8f, 0xfe, 0x30, 0x7f,
    0xff, 0x8a, 0xff, 0x80, 0x0, 0xff, 0xf7, 0x9f,
    0xfa, 0x0, 0x3f, 0xff, 0x34, 0xff, 0xfc, 0xaf,
    0xff, 0xc0, 0xa, 0xff, 0xff, 0xff, 0xe2, 0x0,
    0x6, 0xcf, 0xfd, 0x81, 0x0,

    /* U+00F1 "ñ" */
    0x0, 0x5d, 0xc6, 0x1c, 0xe0, 0x0, 0x1f, 0xff,
    0xff, 0xfb, 0x0, 0x4, 0xf8, 0x29, 0xdb, 0x10,
    0x0, 0x0, 0x0, 0x0, 0x0, 0x0, 0xef, 0xf7,
    0x9e, 0xfd, 0x70, 0xe, 0xff, 0xff, 0xff, 0xff,
    0xa0, 0xef, 0xff, 0xfc, 0xff, 0xff, 0x2e, 0xff,
    0xe1, 0x4, 0xff, 0xf6, 0xef, 0xf9, 0x0, 0xf,
    0xff, 0x7e, 0xff, 0x80, 0x0, 0xff, 0xf7, 0xef,
    0xf8, 0x0, 0xf, 0xff, 0x7e, 0xff, 0x80, 0x0,
    0xff, 0xf7, 0xef, 0xf8, 0x0, 0xf, 0xff, 0x7e,
    0xff, 0x80, 0x0, 0xff, 0xf7,

    /* U+00F2 "ò" */
    0x0, 0x8f, 0xfb, 0x0, 0x0, 0x0, 0x0, 0x6,
    0xff, 0x80, 0x0, 0x0, 0x0, 0x0, 0x5f, 0xf5,
    0x0, 0x0, 0x0, 0x0, 0x0, 0x0, 0x0, 0x0,
    0x0, 0x7, 0xcf, 0xfc, 0x70, 0x0, 0x2, 0xdf,
    0xff, 0xff, 0xfd, 0x10, 0xd, 0xff, 0xfd, 0xdf,
    0xff, 0xc0, 0x4f, 0xff, 0x70, 0x7, 0xff, 0xf4,
    0x7f, 0xff, 0x0, 0x0, 0xff, 0xf6, 0x7f, 0xff,
    0x0, 0x0, 0xff, 0xf6, 0x4f, 0xff, 0x70, 0x7,
    0xff, 0xf3, 0xd, 0xff, 0xfd, 0xdf, 0xff, 0xc0,
    0x2, 0xdf, 0xff, 0xff, 0xfd, 0x10, 0x0, 0x7,
    0xdf, 0xfc, 0x70, 0x0,

    /* U+00F3 "ó" */
    0x0, 0x0, 0x0, 0xcf, 0xf7, 0x0, 0x0, 0x0,
    0x9, 0xff, 0x50, 0x0, 0x0, 0x0, 0x6f, 0xf4,
    0x0, 0x0, 0x0, 0x0, 0x0, 0x0, 0x0, 0x0,
    0x0, 0x7, 0xcf, 0xfc, 0x70, 0x0, 0x2, 0xdf,
    0xff, 0xff, 0xfd, 0x10, 0xd, 0xff, 0xfd, 0xdf,
    0xff, 0xc0, 0x4f, 0xff, 0x70, 0x7, 0xff, 0xf4,
    0x7f, 0xff, 0x0, 0x0, 0xff, 0xf6, 0x7f, 0xff,
    0x0, 0x0, 0xff, 0xf6, 0x4f, 0xff, 0x70, 0x7,
    0xff, 0xf3, 0xd, 0xff, 0xfd, 0xdf, 0xff, 0xc0,
    0x2, 0xdf, 0xff, 0xff, 0xfd, 0x10, 0x0, 0x7,
    0xdf, 0xfc, 0x70, 0x0,

    /* U+00F4 "ô" */
    0x0, 0x0, 0xdf, 0xfc, 0x0, 0x0, 0x0, 0xa,
    0xfd, 0xef, 0x90, 0x0, 0x0, 0x7f, 0xd1, 0x2e,
    0xf6, 0x0, 0x0, 0x0, 0x0, 0x0, 0x0, 0x0,
    0x0, 0x7, 0xcf, 0xfc, 0x70, 0x0, 0x2, 0xdf,
    0xff, 0xff, 0xfd, 0x10, 0xd, 0xff, 0xfd, 0xdf,
    0xff, 0xc0, 0x4f, 0xff, 0x70, 0x7, 0xff, 0xf4,
    0x7f, 0xff, 0x0, 0x0, 0xff, 0xf6, 0x7f, 0xff,
    0x0, 0x0, 0xff, 0xf6, 0x4f, 0xff, 0x70, 0x7,
    0xff, 0xf3, 0xd, 0xff, 0xfd, 0xdf, 0xff, 0xc0,
    0x2, 0xdf, 0xff, 0xff, 0xfd, 0x10, 0x0, 0x7,
    0xdf, 0xfc, 0x70, 0x0,

    /* U+00F5 "õ" */
    0x0, 0xa, 0xfc, 0x43, 0xf9, 0x0, 0x0, 0x7f,
    0xff, 0xff, 0xf5, 0x0, 0x0, 0xae, 0x13, 0xbe,
    0x80, 0x0, 0x0, 0x0, 0x0, 0x0, 0x0, 0x0,
    0x0, 0x7, 0xcf, 0xfc, 0x70, 0x0, 0x2, 0xdf,
    0xff, 0xff, 0xfd, 0x10, 0xd, 0xff, 0xfd, 0xdf,
    0xff, 0xc0, 0x4f, 0xff, 0x70, 0x7, 0xff, 0xf4,
    0x7f, 0xff, 0x0, 0x0, 0xff, 0xf6, 0x7f, 0xff,
    0x0, 0x0, 0xff, 0xf6, 0x4f, 0xff, 0x70, 0x7,
    0xff, 0xf3, 0xd, 0xff, 0xfd, 0xdf, 0xff, 0xc0,
    0x2, 0xdf, 0xff, 0xff, 0xfd, 0x10, 0x0, 0x7,
    0xdf, 0xfc, 0x70, 0x0,

    /* U+00F6 "ö" */
    0x0, 0x1d, 0xe2, 0x3e, 0xc0, 0x0, 0x0, 0x5f,
    0xf6, 0x8f, 0xf3, 0x0, 0x0, 0xb, 0xb1, 0x2c,
    0xa0, 0x0, 0x0, 0x0, 0x0, 0x0, 0x0, 0x0,
    0x0, 0x7, 0xcf, 0xfc, 0x70, 0x0, 0x2, 0xdf,
    0xff, 0xff, 0xfd, 0x10, 0xd, 0xff, 0xfd, 0xdf,
    0xff, 0xc0, 0x4f, 0xff, 0x70, 0x7, 0xff, 0xf4,
    0x7f, 0xff, 0x0, 0x0, 0xff, 0xf6, 0x7f, 0xff,
    0x0, 0x0, 0xff, 0xf6, 0x4f, 0xff, 0x70, 0x7,
    0xff, 0xf3, 0xd, 0xff, 0xfd, 0xdf, 0xff, 0xc0,
    0x2, 0xdf, 0xff, 0xff, 0xfd, 0x10, 0x0, 0x7,
    0xdf, 0xfc, 0x70, 0x0,

    /* U+00F7 "÷" */
    0x0, 0x2, 0x62, 0x0, 0x0, 0x1, 0xff, 0xf1,
    0x0, 0x0, 0x3f, 0xff, 0x20, 0x0, 0x0, 0xaf,
    0xa0, 0x0, 0x0, 0x0, 0x0, 0x0, 0xf, 0xff,
    0xff, 0xff, 0xfe, 0xff, 0xff, 0xff, 0xff, 0xe9,
    0xaa, 0xaa, 0xaa, 0xa9, 0x0, 0x2, 0x62, 0x0,
    0x0, 0x1, 0xff, 0xf1, 0x0, 0x0, 0x3f, 0xff,
    0x20, 0x0, 0x0, 0xaf, 0xa0, 0x0,

    /* U+00F8 "ø" */
    0x0, 0x0, 0x0, 0x0, 0xe9, 0x0, 0x0, 0x7,
    0xcf, 0xff, 0xf2, 0x0, 0x2, 0xdf, 0xff, 0xff,
    0xfd, 0x10, 0xd, 0xff, 0xfd, 0xff, 0xff, 0xc0,
    0x4f, 0xff, 0x71, 0xff, 0xff, 0xf4, 0x7f, 0xff,
    0x9, 0xe1, 0xff, 0xf6, 0x7f, 0xff, 0x2f, 0x60,
    0xff, 0xf6, 0x4f, 0xff, 0xfe, 0x7, 0xff, 0xf3,
    0xd, 0xff, 0xff, 0xdf, 0xff, 0xc0, 0x2, 0xdf,
    0xff, 0xff, 0xfd, 0x10, 0x0, 0x4f, 0xff, 0xfc,
    0x70, 0x0, 0x0, 0xcc, 0x0, 0x0, 0x0, 0x0,

    /* U+00F9 "ù" */
    0x5, 0xff, 0xe1, 0x0, 0x0, 0x0, 0x3, 0xef,
    0xb0, 0x0, 0x0, 0x0, 0x2, 0xef, 0x90, 0x0,
    0x0, 0x0, 0x0, 0x0, 0x0, 0x0, 0xff, 0xf7,
    0x0, 0x1f, 0xff, 0x5f, 0xff, 0x70, 0x1, 0xff,
    0xf5, 0xff, 0xf7, 0x0, 0x1f, 0xff, 0x5f, 0xff,
    0x70, 0x1, 0xff, 0xf5, 0xff, 0xf7, 0x0, 0x1f,
    0xff, 0x5e, 0xff, 0x80, 0x2, 0xff, 0xf5, 0xdf,
    0xfd, 0x10, 0xaf, 0xff, 0x59, 0xff, 0xff, 0xff,
    0xff, 0xf5, 0x2f, 0xff, 0xff, 0xff, 0xff, 0x50,
    0x2a, 0xef, 0xc4, 0xef, 0xf5,

    /* U+00FA "ú" */
    0x0, 0x0, 0x8, 0xff, 0xa0, 0x0, 0x0, 0x5,
    0xff, 0x90, 0x0, 0x0, 0x2, 0xff, 0x70, 0x0,
    0x0, 0x0, 0x0, 0x0, 0x0, 0x0, 0xff, 0xf7,
    0x0, 0x1f, 0xff, 0x5f, 0xff, 0x70, 0x1, 0xff,
    0xf5, 0xff, 0xf7, 0x0, 0x1f, 0xff, 0x5f, 0xff,
    0x70, 0x1, 0xff, 0xf5, 0xff, 0xf7, 0x0, 0x1f,
    0xff, 0x5e, 0xff, 0x80, 0x2, 0xff, 0xf5, 0xdf,
    0xfd, 0x10, 0xaf, 0xff, 0x59, 0xff, 0xff, 0xff,
    0xff, 0xf5, 0x2f, 0xff, 0xff, 0xff, 0xff, 0x50,
    0x2a, 0xef, 0xc4, 0xef, 0xf5,

    /* U+00FB "û" */
    0x0, 0xa, 0xff, 0xe2, 0x0, 0x0, 0x7, 0xff,
    0xcf, 0xd0, 0x0, 0x3, 0xff, 0x30, 0xbf, 0xa0,
    0x0, 0x0, 0x0, 0x0, 0x0, 0x0, 0xff, 0xf7,
    0x0, 0x1f, 0xff, 0x5f, 0xff, 0x70, 0x1, 0xff,
    0xf5, 0xff, 0xf7, 0x0, 0x1f, 0xff, 0x5f, 0xff,
    0x70, 0x1, 0xff, 0xf5, 0xff, 0xf7, 0x0, 0x1f,
    0xff, 0x5e, 0xff, 0x80, 0x2, 0xff, 0xf5, 0xdf,
    0xfd, 0x10, 0xaf, 0xff, 0x59, 0xff, 0xff, 0xff,
    0xff, 0xf5, 0x2f, 0xff, 0xff, 0xff, 0xff, 0x50,
    0x2a, 0xef, 0xc4, 0xef, 0xf5,

    /* U+00FC "ü" */
    0x0, 0xbf, 0x50, 0xce, 0x30, 0x0, 0x1f, 0xfa,
    0x4f, 0xf8, 0x0, 0x0, 0x8c, 0x30, 0xac, 0x20,
    0x0, 0x0, 0x0, 0x0, 0x0, 0x0, 0xff, 0xf7,
    0x0, 0x1f, 0xff, 0x5f, 0xff, 0x70, 0x1, 0xff,
    0xf5, 0xff, 0xf7, 0x0, 0x1f, 0xff, 0x5f, 0xff,
    0x70, 0x1, 0xff, 0xf5, 0xff, 0xf7, 0x0, 0x1f,
    0xff, 0x5e, 0xff, 0x80, 0x2, 0xff, 0xf5, 0xdf,
    0xfd, 0x10, 0xaf, 0xff, 0x59, 0xff, 0xff, 0xff,
    0xff, 0xf5, 0x2f, 0xff, 0xff, 0xff, 0xff, 0x50,
    0x2a, 0xef, 0xc4, 0xef, 0xf5,

    /* U+00FD "ý" */
    0x0, 0x0, 0x0, 0x17, 0x87, 0x10, 0x0, 0x0,
    0x0, 0xb, 0xff, 0x50, 0x0, 0x0, 0x0, 0x8,
    0xff, 0x40, 0x0, 0x0, 0x0, 0x1, 0x78, 0x20,
    0x0, 0x0, 0xf, 0xff, 0x80, 0x0, 0x1f, 0xff,
    0x20, 0x9f, 0xfe, 0x0, 0x7, 0xff, 0xc0, 0x3,
    0xff, 0xf4, 0x0, 0xdf, 0xf6, 0x0, 0xc, 0xff,
    0xa0, 0x3f, 0xff, 0x0, 0x0, 0x6f, 0xff, 0x9,
    0xff, 0x90, 0x0, 0x0, 0xff, 0xf7, 0xff, 0xf2,
    0x0, 0x0, 0x9, 0xff, 0xff, 0xfc, 0x0, 0x0,
    0x0, 0x2f, 0xff, 0xff, 0x60, 0x0, 0x0, 0x0,
    0xcf, 0xff, 0xf0, 0x0, 0x0, 0x0, 0x6, 0xff,
    0xf9, 0x0, 0x0, 0x0, 0x10, 0x3f, 0xff, 0x30,
    0x0, 0x0, 0x4f, 0xce, 0xff, 0xb0, 0x0, 0x0,
    0xc, 0xff, 0xff, 0xe2, 0x0, 0x0, 0x0, 0x7c,
    0xfe, 0xb2, 0x0, 0x0, 0x0,

    /* U+00FE "þ" */
    0xef, 0xf8, 0x0, 0x0, 0x0, 0x0, 0xef, 0xf8,
    0x0, 0x0, 0x0, 0x0, 0xef, 0xf8, 0x0, 0x0,
    0x0, 0x0, 0xef, 0xf9, 0x9e, 0xfc, 0x60, 0x0,
    0xef, 0xff, 0xff, 0xff, 0xfb, 0x0, 0xef, 0xff,
    0xfc, 0xff, 0xff, 0x60, 0xef, 0xfe, 0x10, 0x1e,
    0xff, 0xc0, 0xef, 0xf8, 0x0, 0x8, 0xff, 0xf0,
    0xef, 0xf8, 0x0, 0x8, 0xff, 0xf0, 0xef, 0xfe,
    0x10, 0x1d, 0xff, 0xc0, 0xef, 0xff, 0xfc, 0xff,
    0xff, 0x60, 0xef, 0xff, 0xff, 0xff, 0xfb, 0x0,
    0xef, 0xf9, 0xae, 0xfd, 0x60, 0x0, 0xef, 0xf8,
    0x0, 0x0, 0x0, 0x0, 0xef, 0xf8, 0x0, 0x0,
    0x0, 0x0, 0xef, 0xf8, 0x0, 0x0, 0x0, 0x0,
    0xef, 0xf8, 0x0, 0x0, 0x0, 0x0,

    /* U+00FF "ÿ" */
    0x0, 0x6, 0xc5, 0x8, 0xc3, 0x0, 0x0, 0x0,
    0xef, 0xd1, 0xff, 0xb0, 0x0, 0x0, 0x8, 0xf8,
    0xb, 0xf5, 0x0, 0x0, 0x0, 0x0, 0x0, 0x0,
    0x0, 0x0, 0xf, 0xff, 0x80, 0x0, 0x1f, 0xff,
    0x20, 0x9f, 0xfe, 0x0, 0x7, 0xff, 0xc0, 0x3,
    0xff, 0xf4, 0x0, 0xdf, 0xf6, 0x0, 0xc, 0xff,
    0xa0, 0x3f, 0xff, 0x0, 0x0, 0x6f, 0xff, 0x9,
    0xff, 0x90, 0x0, 0x0, 0xff, 0xf7, 0xff, 0xf2,
    0x0, 0x0, 0x9, 0xff, 0xff, 0xfc, 0x0, 0x0,
    0x0, 0x2f, 0xff, 0xff, 0x60, 0x0, 0x0, 0x0,
    0xcf, 0xff, 0xf0, 0x0, 0x0, 0x0, 0x6, 0xff,
    0xf9, 0x0, 0x0, 0x0, 0x10, 0x3f, 0xff, 0x30,
    0x0, 0x0, 0x4f, 0xce, 0xff, 0xb0, 0x0, 0x0,
    0xc, 0xff, 0xff, 0xe2, 0x0, 0x0, 0x0, 0x7c,
    0xfe, 0xb2, 0x0, 0x0, 0x0,

    /* U+0152 "Œ" */
    0x0, 0x0, 0x6b, 0xef, 0xff, 0xff, 0xff, 0xff,
    0xff, 0xf9, 0x0, 0x3d, 0xff, 0xff, 0xff, 0xff,
    0xff, 0xff, 0xff, 0xf9, 0x1, 0xef, 0xff, 0xfd,
    0xcd, 0xff, 0xfd, 0xcc, 0xcc, 0xc7, 0xa, 0xff,
    0xf9, 0x0, 0x4, 0xff, 0xf4, 0x0, 0x0, 0x0,
    0x1f, 0xff, 0xb0, 0x0, 0x4, 0xff, 0xf4, 0x0,
    0x0, 0x0, 0x4f, 0xff, 0x60, 0x0, 0x4, 0xff,
    0xfc, 0xbb, 0xbb, 0x90, 0x5f, 0xff, 0x40, 0x0,
    0x4, 0xff, 0xff, 0xff, 0xff, 0xd0, 0x4f, 0xff,
    0x60, 0x0, 0x4, 0xff, 0xff, 0xff, 0xff, 0xd0,
    0x1f, 0xff, 0xb0, 0x0, 0x4, 0xff, 0xf4, 0x0,
    0x0, 0x0, 0xb, 0xff, 0xf9, 0x0, 0x4, 0xff,
    0xf4, 0x0, 0x0, 0x0, 0x2, 0xef, 0xff, 0xfd,
    0xcd, 0xff, 0xfd, 0xcc, 0xcc, 0xca, 0x0, 0x3d,
    0xff, 0xff, 0xff, 0xff, 0xff, 0xff, 0xff, 0xfd,
    0x0, 0x0, 0x6b, 0xef, 0xff, 0xff, 0xff, 0xff,
    0xff, 0xfd,

    /* U+0153 "œ" */
    0x0, 0x7, 0xdf, 0xfc, 0x60, 0x2a, 0xef, 0xe9,
    0x20, 0x0, 0x2d, 0xff, 0xff, 0xff, 0xcf, 0xff,
    0xff, 0xff, 0x40, 0xd, 0xff, 0xfd, 0xdf, 0xff,
    0xff, 0xa7, 0xcf, 0xff, 0x14, 0xff, 0xf7, 0x0,
    0x8f, 0xff, 0xa0, 0x0, 0xcf, 0xf6, 0x7f, 0xff,
    0x0, 0x0, 0xff, 0xff, 0xff, 0xff, 0xff, 0x97,
    0xff, 0xf0, 0x0, 0xf, 0xff, 0xed, 0xdd, 0xdd,
    0xd8, 0x4f, 0xff, 0x60, 0x6, 0xff, 0xfc, 0x0,
    0x2, 0x20, 0x0, 0xdf, 0xff, 0xbb, 0xff, 0xff,
    0xfe, 0xab, 0xfe, 0x20, 0x2, 0xdf, 0xff, 0xff,
    0xfc, 0xff, 0xff, 0xff, 0xfa, 0x0, 0x0, 0x7d,
    0xff, 0xc6, 0x2, 0x9d, 0xff, 0xc6, 0x0,

    /* U+2026 "…" */
    0x0, 0x0, 0x0, 0x0, 0x0, 0x0, 0x0, 0x0,
    0xcf, 0xc1, 0xa, 0xfe, 0x30, 0x7f, 0xf4, 0x6f,
    0xff, 0x83, 0xff, 0xfb, 0x1f, 0xff, 0xd6, 0xff,
    0xf7, 0x3f, 0xff, 0xa1, 0xff, 0xfd, 0xa, 0xfb,
    0x0, 0x8f, 0xc2, 0x6, 0xed, 0x30
};


/*---------------------
 *  GLYPH DESCRIPTION
 *--------------------*/

static const lv_font_fmt_txt_glyph_dsc_t glyph_dsc[] = {
    {.bitmap_index = 0, .adv_w = 0, .box_w = 0, .box_h = 0, .ofs_x = 0, .ofs_y = 0} /* id = 0 reserved */,
    {.bitmap_index = 0, .adv_w = 84, .box_w = 0, .box_h = 0, .ofs_x = 0, .ofs_y = 0},
    {.bitmap_index = 0, .adv_w = 87, .box_w = 5, .box_h = 13, .ofs_x = 0, .ofs_y = 0},
    {.bitmap_index = 33, .adv_w = 133, .box_w = 8, .box_h = 6, .ofs_x = 0, .ofs_y = 7},
    {.bitmap_index = 57, .adv_w = 210, .box_w = 13, .box_h = 13, .ofs_x = 0, .ofs_y = 0},
    {.bitmap_index = 142, .adv_w = 186, .box_w = 12, .box_h = 17, .ofs_x = 0, .ofs_y = -2},
    {.bitmap_index = 244, .adv_w = 258, .box_w = 16, .box_h = 13, .ofs_x = 0, .ofs_y = 0},
    {.bitmap_index = 348, .adv_w = 217, .box_w = 14, .box_h = 13, .ofs_x = 0, .ofs_y = 0},
    {.bitmap_index = 439, .adv_w = 70, .box_w = 4, .box_h = 6, .ofs_x = 0, .ofs_y = 7},
    {.bitmap_index = 451, .adv_w = 106, .box_w = 6, .box_h = 17, .ofs_x = 1, .ofs_y = -4},
    {.bitmap_index = 502, .adv_w = 106, .box_w = 7, .box_h = 17, .ofs_x = -1, .ofs_y = -4},
    {.bitmap_index = 562, .adv_w = 130, .box_w = 8, .box_h = 8, .ofs_x = 0, .ofs_y = 6},
    {.bitmap_index = 594, .adv_w = 175, .box_w = 9, .box_h = 9, .ofs_x = 1, .ofs_y = 2},
    {.bitmap_index = 635, .adv_w = 82, .box_w = 5, .box_h = 7, .ofs_x = 0, .ofs_y = -3},
    {.bitmap_index = 653, .adv_w = 112, .box_w = 7, .box_h = 3, .ofs_x = 0, .ofs_y = 4},
    {.bitmap_index = 664, .adv_w = 82, .box_w = 5, .box_h = 5, .ofs_x = 0, .ofs_y = 0},
    {.bitmap_index = 677, .adv_w = 120, .box_w = 10, .box_h = 17, .ofs_x = -1, .ofs_y = -2},
    {.bitmap_index = 762, .adv_w = 197, .box_w = 12, .box_h = 13, .ofs_x = 0, .ofs_y = 0},
    {.bitmap_index = 840, .adv_w = 117, .box_w = 7, .box_h = 13, .ofs_x = 0, .ofs_y = 0},
    {.bitmap_index = 886, .adv_w = 173, .box_w = 12, .box_h = 13, .ofs_x = -1, .ofs_y = 0},
    {.bitmap_index = 964, .adv_w = 174, .box_w = 12, .box_h = 13, .ofs_x = -1, .ofs_y = 0},
    {.bitmap_index = 1042, .adv_w = 202, .box_w = 13, .box_h = 13, .ofs_x = 0, .ofs_y = 0},
    {.bitmap_index = 1127, .adv_w = 175, .box_w = 11, .box_h = 13, .ofs_x = 0, .ofs_y = 0},
    {.bitmap_index = 1199, .adv_w = 187, .box_w = 12, .box_h = 13, .ofs_x = 0, .ofs_y = 0},
    {.bitmap_index = 1277, .adv_w = 182, .box_w = 11, .box_h = 13, .ofs_x = 0, .ofs_y = 0},
    {.bitmap_index = 1349, .adv_w = 193, .box_w = 12, .box_h = 13, .ofs_x = 0, .ofs_y = 0},
    {.bitmap_index = 1427, .adv_w = 187, .box_w = 12, .box_h = 13, .ofs_x = 0, .ofs_y = 0},
    {.bitmap_index = 1505, .adv_w = 82, .box_w = 5, .box_h = 10, .ofs_x = 0, .ofs_y = 0},
    {.bitmap_index = 1530, .adv_w = 82, .box_w = 5, .box_h = 13, .ofs_x = 0, .ofs_y = -3},
    {.bitmap_index = 1563, .adv_w = 175, .box_w = 9, .box_h = 11, .ofs_x = 1, .ofs_y = 1},
    {.bitmap_index = 1613, .adv_w = 175, .box_w = 9, .box_h = 7, .ofs_x = 1, .ofs_y = 3},
    {.bitmap_index = 1645, .adv_w = 175, .box_w = 9, .box_h = 11, .ofs_x = 1, .ofs_y = 1},
    {.bitmap_index = 1695, .adv_w = 172, .box_w = 11, .box_h = 13, .ofs_x = -1, .ofs_y = 0},
    {.bitmap_index = 1767, .adv_w = 298, .box_w = 19, .box_h = 17, .ofs_x = 0, .ofs_y = -4},
    {.bitmap_index = 1929, .adv_w = 226, .box_w = 16, .box_h = 13, .ofs_x = -1, .ofs_y = 0},
    {.bitmap_index = 2033, .adv_w = 221, .box_w = 13, .box_h = 13, .ofs_x = 1, .ofs_y = 0},
    {.bitmap_index = 2118, .adv_w = 210, .box_w = 13, .box_h = 13, .ofs_x = 0, .ofs_y = 0},
    {.bitmap_index = 2203, .adv_w = 238, .box_w = 14, .box_h = 13, .ofs_x = 1, .ofs_y = 0},
    {.bitmap_index = 2294, .adv_w = 194, .box_w = 11, .box_h = 13, .ofs_x = 1, .ofs_y = 0},
    {.bitmap_index = 2366, .adv_w = 185, .box_w = 11, .box_h = 13, .ofs_x = 1, .ofs_y = 0},
    {.bitmap_index = 2438, .adv_w = 222, .box_w = 14, .box_h = 13, .ofs_x = 0, .ofs_y = 0},
    {.bitmap_index = 2529, .adv_w = 232, .box_w = 13, .box_h = 13, .ofs_x = 1, .ofs_y = 0},
    {.bitmap_index = 2614, .adv_w = 98, .box_w = 4, .box_h = 13, .ofs_x = 1, .ofs_y = 0},
    {.bitmap_index = 2640, .adv_w = 160, .box_w = 10, .box_h = 13, .ofs_x = -1, .ofs_y = 0},
    {.bitmap_index = 2705, .adv_w = 217, .box_w = 13, .box_h = 13, .ofs_x = 1, .ofs_y = 0},
    {.bitmap_index = 2790, .adv_w = 176, .box_w = 10, .box_h = 13, .ofs_x = 1, .ofs_y = 0},
    {.bitmap_index = 2855, .adv_w = 275, .box_w = 15, .box_h = 13, .ofs_x = 1, .ofs_y = 0},
    {.bitmap_index = 2953, .adv_w = 232, .box_w = 13, .box_h = 13, .ofs_x = 1, .ofs_y = 0},
    {.bitmap_index = 3038, .adv_w = 244, .box_w = 15, .box_h = 13, .ofs_x = 0, .ofs_y = 0},
    {.bitmap_index = 3136, .adv_w = 212, .box_w = 12, .box_h = 13, .ofs_x = 1, .ofs_y = 0},
    {.bitmap_index = 3214, .adv_w = 244, .box_w = 16, .box_h = 16, .ofs_x = 0, .ofs_y = -3},
    {.bitmap_index = 3342, .adv_w = 213, .box_w = 12, .box_h = 13, .ofs_x = 1, .ofs_y = 0},
    {.bitmap_index = 3420, .adv_w = 186, .box_w = 12, .box_h = 13, .ofs_x = 0, .ofs_y = 0},
    {.bitmap_index = 3498, .adv_w = 183, .box_w = 12, .box_h = 13, .ofs_x = 0, .ofs_y = 0},
    {.bitmap_index = 3576, .adv_w = 226, .box_w = 12, .box_h = 13, .ofs_x = 1, .ofs_y = 0},
    {.bitmap_index = 3654, .adv_w = 221, .box_w = 16, .box_h = 13, .ofs_x = -1, .ofs_y = 0},
    {.bitmap_index = 3758, .adv_w = 341, .box_w = 22, .box_h = 13, .ofs_x = 0, .ofs_y = 0},
    {.bitmap_index = 3901, .adv_w = 212, .box_w = 15, .box_h = 13, .ofs_x = -1, .ofs_y = 0},
    {.bitmap_index = 3999, .adv_w = 200, .box_w = 14, .box_h = 13, .ofs_x = -1, .ofs_y = 0},
    {.bitmap_index = 4090, .adv_w = 196, .box_w = 12, .box_h = 13, .ofs_x = 0, .ofs_y = 0},
    {.bitmap_index = 4168, .adv_w = 112, .box_w = 6, .box_h = 17, .ofs_x = 1, .ofs_y = -4},
    {.bitmap_index = 4219, .adv_w = 120, .box_w = 10, .box_h = 17, .ofs_x = -1, .ofs_y = -2},
    {.bitmap_index = 4304, .adv_w = 112, .box_w = 6, .box_h = 17, .ofs_x = 0, .ofs_y = -4},
    {.bitmap_index = 4355, .adv_w = 176, .box_w = 11, .box_h = 8, .ofs_x = 0, .ofs_y = 3},
    {.bitmap_index = 4399, .adv_w = 144, .box_w = 9, .box_h = 2, .ofs_x = 0, .ofs_y = -2},
    {.bitmap_index = 4408, .adv_w = 173, .box_w = 7, .box_h = 3, .ofs_x = 1, .ofs_y = 11},
    {.bitmap_index = 4419, .adv_w = 181, .box_w = 11, .box_h = 10, .ofs_x = 0, .ofs_y = 0},
    {.bitmap_index = 4474, .adv_w = 200, .box_w = 12, .box_h = 14, .ofs_x = 1, .ofs_y = 0},
    {.bitmap_index = 4558, .adv_w = 174, .box_w = 11, .box_h = 10, .ofs_x = 0, .ofs_y = 0},
    {.bitmap_index = 4613, .adv_w = 201, .box_w = 12, .box_h = 14, .ofs_x = 0, .ofs_y = 0},
    {.bitmap_index = 4697, .adv_w = 185, .box_w = 12, .box_h = 10, .ofs_x = 0, .ofs_y = 0},
    {.bitmap_index = 4757, .adv_w = 117, .box_w = 8, .box_h = 14, .ofs_x = 0, .ofs_y = 0},
    {.bitmap_index = 4813, .adv_w = 203, .box_w = 12, .box_h = 14, .ofs_x = 0, .ofs_y = -4},
    {.bitmap_index = 4897, .adv_w = 200, .box_w = 11, .box_h = 14, .ofs_x = 1, .ofs_y = 0},
    {.bitmap_index = 4974, .adv_w = 90, .box_w = 5, .box_h = 15, .ofs_x = 0, .ofs_y = 0},
    {.bitmap_index = 5012, .adv_w = 92, .box_w = 8, .box_h = 18, .ofs_x = -2, .ofs_y = -4},
    {.bitmap_index = 5084, .adv_w = 195, .box_w = 12, .box_h = 14, .ofs_x = 1, .ofs_y = 0},
    {.bitmap_index = 5168, .adv_w = 90, .box_w = 4, .box_h = 14, .ofs_x = 1, .ofs_y = 0},
    {.bitmap_index = 5196, .adv_w = 301, .box_w = 17, .box_h = 10, .ofs_x = 1, .ofs_y = 0},
    {.bitmap_index = 5281, .adv_w = 200, .box_w = 11, .box_h = 10, .ofs_x = 1, .ofs_y = 0},
    {.bitmap_index = 5336, .adv_w = 192, .box_w = 12, .box_h = 10, .ofs_x = 0, .ofs_y = 0},
    {.bitmap_index = 5396, .adv_w = 200, .box_w = 12, .box_h = 14, .ofs_x = 1, .ofs_y = -4},
    {.bitmap_index = 5480, .adv_w = 200, .box_w = 12, .box_h = 14, .ofs_x = 0, .ofs_y = -4},
    {.bitmap_index = 5564, .adv_w = 128, .box_w = 7, .box_h = 10, .ofs_x = 1, .ofs_y = 0},
    {.bitmap_index = 5599, .adv_w = 158, .box_w = 10, .box_h = 10, .ofs_x = 0, .ofs_y = 0},
    {.bitmap_index = 5649, .adv_w = 129, .box_w = 8, .box_h = 12, .ofs_x = 0, .ofs_y = 0},
    {.bitmap_index = 5697, .adv_w = 199, .box_w = 11, .box_h = 10, .ofs_x = 1, .ofs_y = 0},
    {.bitmap_index = 5752, .adv_w = 179, .box_w = 13, .box_h = 10, .ofs_x = -1, .ofs_y = 0},
    {.bitmap_index = 5817, .adv_w = 275, .box_w = 19, .box_h = 10, .ofs_x = -1, .ofs_y = 0},
    {.bitmap_index = 5912, .adv_w = 178, .box_w = 13, .box_h = 10, .ofs_x = -1, .ofs_y = 0},
    {.bitmap_index = 5977, .adv_w = 179, .box_w = 13, .box_h = 14, .ofs_x = -1, .ofs_y = -4},
    {.bitmap_index = 6068, .adv_w = 160, .box_w = 10, .box_h = 10, .ofs_x = 0, .ofs_y = 0},
    {.bitmap_index = 6118, .adv_w = 119, .box_w = 8, .box_h = 17, .ofs_x = 0, .ofs_y = -4},
    {.bitmap_index = 6186, .adv_w = 90, .box_w = 4, .box_h = 17, .ofs_x = 1, .ofs_y = -4},
    {.bitmap_index = 6220, .adv_w = 119, .box_w = 7, .box_h = 17, .ofs_x = 0, .ofs_y = -4},
    {.bitmap_index = 6280, .adv_w = 175, .box_w = 11, .box_h = 4, .ofs_x = 0, .ofs_y = 4},
    {.bitmap_index = 6302, .adv_w = 84, .box_w = 0, .box_h = 0, .ofs_x = 0, .ofs_y = 0},
    {.bitmap_index = 6302, .adv_w = 87, .box_w = 5, .box_h = 13, .ofs_x = 0, .ofs_y = -3},
    {.bitmap_index = 6335, .adv_w = 174, .box_w = 11, .box_h = 14, .ofs_x = 0, .ofs_y = -2},
    {.bitmap_index = 6412, .adv_w = 196, .box_w = 13, .box_h = 13, .ofs_x = 0, .ofs_y = 0},
    {.bitmap_index = 6497, .adv_w = 202, .box_w = 13, .box_h = 13, .ofs_x = 0, .ofs_y = -1},
    {.bitmap_index = 6582, .adv_w = 217, .box_w = 15, .box_h = 13, .ofs_x = -1, .ofs_y = 0},
    {.bitmap_index = 6680, .adv_w = 90, .box_w = 4, .box_h = 17, .ofs_x = 1, .ofs_y = -4},
    {.bitmap_index = 6714, .adv_w = 154, .box_w = 10, .box_h = 15, .ofs_x = 0, .ofs_y = -2},
    {.bitmap_index = 6789, .adv_w = 173, .box_w = 7, .box_h = 3, .ofs_x = 2, .ofs_y = 11},
    {.bitmap_index = 6800, .adv_w = 223, .box_w = 14, .box_h = 14, .ofs_x = 0, .ofs_y = -1},
    {.bitmap_index = 6898, .adv_w = 120, .box_w = 7, .box_h = 7, .ofs_x = 0, .ofs_y = 6},
    {.bitmap_index = 6923, .adv_w = 174, .box_w = 11, .box_h = 8, .ofs_x = 0, .ofs_y = 1},
    {.bitmap_index = 6967, .adv_w = 175, .box_w = 9, .box_h = 6, .ofs_x = 1, .ofs_y = 2},
    {.bitmap_index = 6994, .adv_w = 223, .box_w = 14, .box_h = 14, .ofs_x = 0, .ofs_y = -1},
    {.bitmap_index = 7092, .adv_w = 173, .box_w = 8, .box_h = 2, .ofs_x = 1, .ofs_y = 11},
    {.bitmap_index = 7100, .adv_w = 120, .box_w = 8, .box_h = 7, .ofs_x = 0, .ofs_y = 7},
    {.bitmap_index = 7128, .adv_w = 175, .box_w = 9, .box_h = 13, .ofs_x = 1, .ofs_y = 0},
    {.bitmap_index = 7187, .adv_w = 124, .box_w = 8, .box_h = 7, .ofs_x = 0, .ofs_y = 6},
    {.bitmap_index = 7215, .adv_w = 124, .box_w = 8, .box_h = 7, .ofs_x = 0, .ofs_y = 6},
    {.bitmap_index = 7243, .adv_w = 173, .box_w = 7, .box_h = 3, .ofs_x = 3, .ofs_y = 11},
    {.bitmap_index = 7254, .adv_w = 200, .box_w = 11, .box_h = 14, .ofs_x = 1, .ofs_y = -4},
    {.bitmap_index = 7331, .adv_w = 204, .box_w = 12, .box_h = 16, .ofs_x = 0, .ofs_y = -2},
    {.bitmap_index = 7427, .adv_w = 93, .box_w = 5, .box_h = 5, .ofs_x = 0, .ofs_y = 3},
    {.bitmap_index = 7440, .adv_w = 173, .box_w = 5, .box_h = 5, .ofs_x = 3, .ofs_y = -5},
    {.bitmap_index = 7453, .adv_w = 124, .box_w = 6, .box_h = 7, .ofs_x = 1, .ofs_y = 6},
    {.bitmap_index = 7474, .adv_w = 124, .box_w = 8, .box_h = 6, .ofs_x = 0, .ofs_y = 7},
    {.bitmap_index = 7498, .adv_w = 174, .box_w = 11, .box_h = 8, .ofs_x = 0, .ofs_y = 1},
    {.bitmap_index = 7542, .adv_w = 302, .box_w = 18, .box_h = 13, .ofs_x = 1, .ofs_y = 0},
    {.bitmap_index = 7659, .adv_w = 302, .box_w = 18, .box_h = 13, .ofs_x = 1, .ofs_y = 0},
    {.bitmap_index = 7776, .adv_w = 302, .box_w = 19, .box_h = 13, .ofs_x = 0, .ofs_y = 0},
    {.bitmap_index = 7900, .adv_w = 172, .box_w = 11, .box_h = 13, .ofs_x = 0, .ofs_y = -3},
    {.bitmap_index = 7972, .adv_w = 226, .box_w = 16, .box_h = 17, .ofs_x = -1, .ofs_y = 0},
    {.bitmap_index = 8108, .adv_w = 226, .box_w = 16, .box_h = 17, .ofs_x = -1, .ofs_y = 0},
    {.bitmap_index = 8244, .adv_w = 226, .box_w = 16, .box_h = 17, .ofs_x = -1, .ofs_y = 0},
    {.bitmap_index = 8380, .adv_w = 226, .box_w = 16, .box_h = 17, .ofs_x = -1, .ofs_y = 0},
    {.bitmap_index = 8516, .adv_w = 226, .box_w = 16, .box_h = 17, .ofs_x = -1, .ofs_y = 0},
    {.bitmap_index = 8652, .adv_w = 226, .box_w = 16, .box_h = 19, .ofs_x = -1, .ofs_y = 0},
    {.bitmap_index = 8804, .adv_w = 317, .box_w = 21, .box_h = 13, .ofs_x = -1, .ofs_y = 0},
    {.bitmap_index = 8941, .adv_w = 210, .box_w = 13, .box_h = 18, .ofs_x = 0, .ofs_y = -5},
    {.bitmap_index = 9058, .adv_w = 194, .box_w = 11, .box_h = 17, .ofs_x = 1, .ofs_y = 0},
    {.bitmap_index = 9152, .adv_w = 194, .box_w = 11, .box_h = 17, .ofs_x = 1, .ofs_y = 0},
    {.bitmap_index = 9246, .adv_w = 194, .box_w = 11, .box_h = 17, .ofs_x = 1, .ofs_y = 0},
    {.bitmap_index = 9340, .adv_w = 194, .box_w = 11, .box_h = 17, .ofs_x = 1, .ofs_y = 0},
    {.bitmap_index = 9434, .adv_w = 98, .box_w = 7, .box_h = 17, .ofs_x = -2, .ofs_y = 0},
    {.bitmap_index = 9494, .adv_w = 98, .box_w = 7, .box_h = 17, .ofs_x = 1, .ofs_y = 0},
    {.bitmap_index = 9554, .adv_w = 98, .box_w = 8, .box_h = 17, .ofs_x = -1, .ofs_y = 0},
    {.bitmap_index = 9622, .adv_w = 98, .box_w = 8, .box_h = 17, .ofs_x = -1, .ofs_y = 0},
    {.bitmap_index = 9690, .adv_w = 243, .box_w = 16, .box_h = 13, .ofs_x = -1, .ofs_y = 0},
    {.bitmap_index = 9794, .adv_w = 232, .box_w = 13, .box_h = 17, .ofs_x = 1, .ofs_y = 0},
    {.bitmap_index = 9905, .adv_w = 244, .box_w = 15, .box_h = 17, .ofs_x = 0, .ofs_y = 0},
    {.bitmap_index = 10033, .adv_w = 244, .box_w = 15, .box_h = 17, .ofs_x = 0, .ofs_y = 0},
    {.bitmap_index = 10161, .adv_w = 244, .box_w = 15, .box_h = 17, .ofs_x = 0, .ofs_y = 0},
    {.bitmap_index = 10289, .adv_w = 244, .box_w = 15, .box_h = 17, .ofs_x = 0, .ofs_y = 0},
    {.bitmap_index = 10417, .adv_w = 244, .box_w = 15, .box_h = 17, .ofs_x = 0, .ofs_y = 0},
    {.bitmap_index = 10545, .adv_w = 175, .box_w = 9, .box_h = 9, .ofs_x = 1, .ofs_y = 2},
    {.bitmap_index = 10586, .adv_w = 244, .box_w = 15, .box_h = 15, .ofs_x = 0, .ofs_y = -1},
    {.bitmap_index = 10699, .adv_w = 226, .box_w = 12, .box_h = 17, .ofs_x = 1, .ofs_y = 0},
    {.bitmap_index = 10801, .adv_w = 226, .box_w = 12, .box_h = 17, .ofs_x = 1, .ofs_y = 0},
    {.bitmap_index = 10903, .adv_w = 226, .box_w = 12, .box_h = 17, .ofs_x = 1, .ofs_y = 0},
    {.bitmap_index = 11005, .adv_w = 226, .box_w = 12, .box_h = 17, .ofs_x = 1, .ofs_y = 0},
    {.bitmap_index = 11107, .adv_w = 200, .box_w = 14, .box_h = 17, .ofs_x = -1, .ofs_y = 0},
    {.bitmap_index = 11226, .adv_w = 212, .box_w = 12, .box_h = 13, .ofs_x = 1, .ofs_y = 0},
    {.bitmap_index = 11304, .adv_w = 202, .box_w = 12, .box_h = 14, .ofs_x = 1, .ofs_y = 0},
    {.bitmap_index = 11388, .adv_w = 181, .box_w = 11, .box_h = 14, .ofs_x = 0, .ofs_y = 0},
    {.bitmap_index = 11465, .adv_w = 181, .box_w = 11, .box_h = 14, .ofs_x = 0, .ofs_y = 0},
    {.bitmap_index = 11542, .adv_w = 181, .box_w = 11, .box_h = 14, .ofs_x = 0, .ofs_y = 0},
    {.bitmap_index = 11619, .adv_w = 181, .box_w = 11, .box_h = 14, .ofs_x = 0, .ofs_y = 0},
    {.bitmap_index = 11696, .adv_w = 181, .box_w = 11, .box_h = 14, .ofs_x = 0, .ofs_y = 0},
    {.bitmap_index = 11773, .adv_w = 181, .box_w = 11, .box_h = 16, .ofs_x = 0, .ofs_y = 0},
    {.bitmap_index = 11861, .adv_w = 288, .box_w = 18, .box_h = 10, .ofs_x = 0, .ofs_y = 0},
    {.bitmap_index = 11951, .adv_w = 174, .box_w = 11, .box_h = 15, .ofs_x = 0, .ofs_y = -5},
    {.bitmap_index = 12034, .adv_w = 185, .box_w = 12, .box_h = 14, .ofs_x = 0, .ofs_y = 0},
    {.bitmap_index = 12118, .adv_w = 185, .box_w = 12, .box_h = 14, .ofs_x = 0, .ofs_y = 0},
    {.bitmap_index = 12202, .adv_w = 185, .box_w = 12, .box_h = 14, .ofs_x = 0, .ofs_y = 0},
    {.bitmap_index = 12286, .adv_w = 185, .box_w = 12, .box_h = 14, .ofs_x = 0, .ofs_y = 0},
    {.bitmap_index = 12370, .adv_w = 90, .box_w = 7, .box_h = 14, .ofs_x = -2, .ofs_y = 0},
    {.bitmap_index = 12419, .adv_w = 90, .box_w = 6, .box_h = 14, .ofs_x = 1, .ofs_y = 0},
    {.bitmap_index = 12461, .adv_w = 90, .box_w = 8, .box_h = 14, .ofs_x = -1, .ofs_y = 0},
    {.bitmap_index = 12517, .adv_w = 90, .box_w = 7, .box_h = 14, .ofs_x = -1, .ofs_y = 0},
    {.bitmap_index = 12566, .adv_w = 179, .box_w = 11, .box_h = 14, .ofs_x = 0, .ofs_y = 0},
    {.bitmap_index = 12643, .adv_w = 200, .box_w = 11, .box_h = 14, .ofs_x = 1, .ofs_y = 0},
    {.bitmap_index = 12720, .adv_w = 192, .box_w = 12, .box_h = 14, .ofs_x = 0, .ofs_y = 0},
    {.bitmap_index = 12804, .adv_w = 192, .box_w = 12, .box_h = 14, .ofs_x = 0, .ofs_y = 0},
    {.bitmap_index = 12888, .adv_w = 192, .box_w = 12, .box_h = 14, .ofs_x = 0, .ofs_y = 0},
    {.bitmap_index = 12972, .adv_w = 192, .box_w = 12, .box_h = 14, .ofs_x = 0, .ofs_y = 0},
    {.bitmap_index = 13056, .adv_w = 192, .box_w = 12, .box_h = 14, .ofs_x = 0, .ofs_y = 0},
    {.bitmap_index = 13140, .adv_w = 175, .box_w = 9, .box_h = 12, .ofs_x = 1, .ofs_y = 1},
    {.bitmap_index = 13194, .adv_w = 192, .box_w = 12, .box_h = 12, .ofs_x = 0, .ofs_y = -1},
    {.bitmap_index = 13266, .adv_w = 199, .box_w = 11, .box_h = 14, .ofs_x = 1, .ofs_y = 0},
    {.bitmap_index = 13343, .adv_w = 199, .box_w = 11, .box_h = 14, .ofs_x = 1, .ofs_y = 0},
    {.bitmap_index = 13420, .adv_w = 199, .box_w = 11, .box_h = 14, .ofs_x = 1, .ofs_y = 0},
    {.bitmap_index = 13497, .adv_w = 199, .box_w = 11, .box_h = 14, .ofs_x = 1, .ofs_y = 0},
    {.bitmap_index = 13574, .adv_w = 179, .box_w = 13, .box_h = 18, .ofs_x = -1, .ofs_y = -4},
    {.bitmap_index = 13691, .adv_w = 200, .box_w = 12, .box_h = 17, .ofs_x = 1, .ofs_y = -4},
    {.bitmap_index = 13793, .adv_w = 179, .box_w = 13, .box_h = 18, .ofs_x = -1, .ofs_y = -4},
    {.bitmap_index = 13910, .adv_w = 329, .box_w = 20, .box_h = 13, .ofs_x = 0, .ofs_y = 0},
    {.bitmap_index = 14040, .adv_w = 306, .box_w = 19, .box_h = 10, .ofs_x = 0, .ofs_y = 0},
    {.bitmap_index = 14135, .adv_w = 247, .box_w = 15, .box_h = 5, .ofs_x = 0, .ofs_y = 0}
};

/*---------------------
 *  CHARACTER MAPPING
 *--------------------*/

static const uint16_t unicode_list_3[] = {
    0x0, 0x1, 0x1ed4
};

/*Collect the unicode lists and glyph_id offsets*/
static const lv_font_fmt_txt_cmap_t cmaps[] =
{
    {
        .range_start = 32, .range_length = 95, .glyph_id_start = 1,
        .unicode_list = NULL, .glyph_id_ofs_list = NULL, .list_length = 0, .type = LV_FONT_FMT_TXT_CMAP_FORMAT0_TINY
    },
    {
        .range_start = 160, .range_length = 13, .glyph_id_start = 96,
        .unicode_list = NULL, .glyph_id_ofs_list = NULL, .list_length = 0, .type = LV_FONT_FMT_TXT_CMAP_FORMAT0_TINY
    },
    {
        .range_start = 174, .range_length = 82, .glyph_id_start = 109,
        .unicode_list = NULL, .glyph_id_ofs_list = NULL, .list_length = 0, .type = LV_FONT_FMT_TXT_CMAP_FORMAT0_TINY
    },
    {
        .range_start = 338, .range_length = 7893, .glyph_id_start = 191,
        .unicode_list = unicode_list_3, .glyph_id_ofs_list = NULL, .list_length = 3, .type = LV_FONT_FMT_TXT_CMAP_SPARSE_TINY
    }
};

/*-----------------
 *    KERNING
 *----------------*/


/*Map glyph_ids to kern left classes*/
static const uint8_t kern_left_class_mapping[] =
{
    0, 0, 1, 2, 0, 3, 4, 5,
    2, 6, 0, 7, 8, 9, 8, 9,
    10, 11, 0, 12, 13, 14, 15, 16,
    17, 18, 11, 19, 19, 0, 0, 0,
    20, 21, 0, 0, 0, 0, 0, 0,
    0, 0, 0, 0, 0, 0, 0, 0,
    0, 0, 0, 0, 0, 0, 0, 0,
    0, 0, 0, 0, 22, 23, 0, 0,
    24, 0, 0, 0, 0, 0, 0, 0,
    0, 0, 0, 0, 0, 0, 0, 0,
    0, 0, 0, 0, 0, 0, 0, 0,
    0, 0, 0, 0, 22, 0, 0, 8,
    0, 25, 26, 27, 28, 29, 0, 30,
    0, 21, 0, 31, 0, 21, 0, 32,
    8, 0, 0, 0, 33, 0, 8, 0,
    0, 0, 8, 0, 0, 0, 34, 0,
    0, 0, 0, 0, 0, 0, 0, 0,
    0, 0, 0, 0, 0, 0, 0, 0,
    0, 0, 0, 0, 0, 0, 0, 0,
    0, 0, 0, 0, 0, 0, 0, 0,
    0, 0, 0, 0, 0, 0, 0, 0,
    0, 0, 0, 0, 0, 0, 0, 0,
    0, 0, 0, 0, 0, 0, 8, 0,
    0, 0, 0, 0, 0, 0, 0, 0,
    0, 9
};

/*Map glyph_ids to kern right classes*/
static const uint8_t kern_right_class_mapping[] =
{
    0, 0, 1, 2, 0, 3, 4, 5,
    2, 0, 6, 7, 8, 9, 8, 9,
    10, 11, 12, 13, 14, 15, 16, 11,
    17, 18, 19, 20, 20, 0, 0, 0,
    21, 22, 0, 0, 0, 0, 0, 0,
    0, 0, 0, 0, 0, 0, 0, 0,
    0, 0, 0, 0, 0, 0, 0, 0,
    0, 0, 0, 0, 23, 24, 25, 0,
    26, 0, 0, 0, 0, 0, 0, 0,
    0, 0, 0, 0, 0, 0, 0, 0,
    0, 0, 0, 0, 0, 0, 0, 0,
    0, 0, 0, 0, 0, 0, 25, 8,
    0, 27, 28, 29, 30, 31, 0, 32,
    0, 22, 0, 8, 8, 22, 0, 33,
    8, 0, 0, 0, 34, 35, 8, 0,
    0, 0, 36, 0, 0, 0, 37, 0,
    0, 0, 0, 0, 0, 0, 0, 0,
    0, 0, 0, 0, 0, 0, 0, 0,
    0, 0, 0, 0, 0, 0, 0, 0,
    0, 0, 0, 0, 0, 0, 0, 0,
    0, 0, 0, 0, 0, 0, 0, 0,
    0, 0, 0, 0, 0, 0, 0, 0,
    0, 0, 0, 0, 0, 0, 8, 0,
    0, 0, 0, 0, 0, 0, 0, 0,
    0, 9
};

/*Kern values between classes*/
static const int8_t kern_class_values[] =
{
    0, 2, 0, 0, 0, 0, 3, 0,
    2, 0, 0, 3, 0, 0, 0, 0,
    1, 0, 0, 0, 0, 0, 0, 0,
    2, 0, 0, 0, 0, 0, 7, 0,
    0, 0, 0, 0, 0, 2, 13, 0,
    6, -4, 0, 6, 0, -16, -17, 1,
    12, 4, 3, -12, 1, 10, 0, 10,
    3, 7, -4, 0, 17, 5, -1, 0,
    -4, 0, -6, 6, 0, 6, 0, 8,
    0, -7, 0, -9, 0, 0, 0, 0,
    -6, 3, 6, 0, 0, -3, 0, -1,
    3, 0, -3, 0, -3, -1, -6, 0,
    0, -3, 0, -6, -1, 0, 0, 0,
    0, 0, -4, 0, 0, 0, -3, 0,
    -6, 0, -37, 0, -6, -14, 6, 9,
    0, 0, -6, 3, 3, 9, 6, -3,
    6, 0, 0, -15, 0, 0, -9, 0,
    0, 0, 8, 0, 0, 0, 0, -6,
    0, 0, 0, 0, -4, -10, 0, -12,
    -1, 0, -9, 0, -2, 7, 0, -9,
    -5, -2, 2, 0, -3, 0, 0, -3,
    -17, 0, 0, -23, -5, 3, -3, 0,
    0, 0, 0, 0, -16, 0, -18, 0,
    -2, 0, 0, 0, 0, 0, 0, 0,
    0, 0, 11, 0, 3, 0, 0, -6,
    0, 0, 0, 0, 0, 0, 0, 0,
    14, 5, 2, 0, 0, 0, 0, 10,
    0, 0, 0, 0, 0, 0, 3, 6,
    3, 9, -3, 0, 6, -3, -11, -37,
    1, 6, 6, -1, -3, 0, 5, 0,
    7, 0, 7, 0, 0, 0, 2, -3,
    0, -3, 0, 1, 0, 0, 9, 0,
    9, 5, -21, 0, 0, -3, -9, 0,
    0, -3, 2, -3, 0, 1, -7, -5,
    -6, 1, 0, -3, 0, 0, 0, -12,
    1, 0, -19, 0, 0, 0, 3, 0,
    1, -8, 3, 0, 0, -24, -3, 0,
    2, -16, 3, -20, 0, 0, -11, -3,
    0, 24, -4, -5, 3, 3, 1, 0,
    -5, 3, 0, 0, -17, -6, 0, -26,
    0, 3, 2, -1, 0, -3, -9, 0,
    -20, 0, -43, 2, 3, 0, 17, -6,
    0, -9, 11, 0, -21, -26, -22, -6,
    9, 0, 0, -18, 0, 1, -8, 0,
    -4, 0, -6, 0, 2, 9, -33, -19,
    -18, -3, 0, 12, -6, 12, -18, 0,
    -10, -22, 0, 1, 0, 0, 0, 0,
    1, 1, -4, -6, 0, -2, -2, -3,
    0, 0, -1, 0, 0, 0, -6, 0,
    0, -6, 0, -6, 0, 0, 0, 0,
    -4, 0, 0, 0, 0, 0, -9, 0,
    0, 0, 3, -1, 0, 0, -1, 3,
    3, 0, 0, 0, 0, -1, 0, 0,
    0, 0, 0, 0, 0, 0, -1, 0,
    9, 0, -3, 0, 0, 0, 0, 0,
    0, 0, 0, 0, 0, -3, 0, -3,
    0, 0, 0, 0, 0, 0, 0, 0,
    -1, -1, 0, -3, -2, 0, 0, 0,
    0, 0, 0, 0, 0, 0, 0, 0,
    0, 0, 0, 0, -4, 0, 0, 0,
    0, 0, -9, -1, -9, 6, 0, -6,
    3, 6, 6, 0, -7, 0, -1, 0,
    0, -11, 3, -1, 3, -17, 3, 0,
    -14, 0, 6, 0, 5, 3, 3, -3,
    8, -9, 0, -8, 0, 3, 0, 0,
    0, -3, 0, 0, -3, 0, 0, 0,
    0, 0, -1, -1, 0, -1, -3, 0,
    0, 0, 0, 0, 0, -3, 0, 0,
    0, 0, 0, 0, 0, 0, -1, 0,
    0, 0, 0, 0, -1, 0, -6, 3,
    0, -1, 1, 3, 3, 0, 0, 0,
    0, 0, 0, -1, 0, 0, 0, 0,
    0, 0, 0, 0, 0, 0, 2, 0,
    3, 0, 6, -3, 0, 0, 0, 0,
    0, 9, -1, 2, -7, 0, 6, -14,
    -14, -11, -6, 3, 0, -2, -19, -5,
    0, -5, 0, -6, 4, -5, 0, 3,
    4, -9, -6, -14, -3, -6, 5, -3,
    4, -5, 6, -3, -15, 0, 0, 0,
    -3, 0, 0, 1, 0, 3, 0, 0,
    0, 0, 0, 0, 0, 0, 0, 0,
    0, -3, 0, 0, -9, 0, 0, 0,
    0, 0, 0, -3, 3, 0, 0, 0,
    0, -6, 0, 3, 0, 0, 0, 0,
    0, 0, 0, 16, 0, 0, 0, 0,
    0, 0, 1, 0, 0, 0, -3, 0,
    0, -7, 0, 3, 0, 0, 0, 0,
    -12, 0, 0, 0, 0, 0, 0, -1,
    0, 0, 0, -1, 0, 1, 0, -14,
    -9, 0, 0, 0, -4, -14, 0, 0,
    -3, 3, 0, -5, -2, -1, 0, 0,
    -3, -1, -3, 0, 0, -4, 0, 3,
    0, 0, 3, -28, 0, -4, 0, 0,
    0, 1, 0, 1, -6, -6, 0, -3,
    -3, -4, 0, 0, 0, 0, 0, 0,
    -9, 0, 0, -6, 5, -9, 0, 0,
    0, 0, 0, 0, 3, 0, 0, 0,
    -6, 2, 5, 0, 0, 0, 5, 2,
    -1, 0, 14, 0, 8, 2, 2, -5,
    0, 6, 0, 0, 0, 5, 0, 0,
    9, 0, 11, 2, 0, 0, 0, 10,
    0, 0, 0, 2, 0, 0, 0, -17,
    0, -3, 3, 9, -37, 0, 24, 1,
    -6, -6, 3, 3, -1, 2, -14, 0,
    0, 16, -17, -6, 0, -22, 14, 40,
    12, 0, 0, 0, 0, 9, -17, 0,
    -9, 1, 9, 0, -1, 6, -6, 0,
    2, -3, 0, 3, 33, -6, -2, 7,
    6, -6, 3, 0, 0, 3, 3, -6,
    -9, 0, -37, 11, 0, 7, -6, 3,
    -1, -3, 6, 0, 0, -12, 3, 0,
    0, 0, 0, 0, 0, 0, 0, 0,
    2, 12, 0, -6, 0, 0, 0, 0,
    0, 0, 0, 0, -2, 0, 0, -16,
    2, 7, 0, 0, 0, 0, -6, 0,
    0, 0, 0, 0, 0, 0, 0, 0,
    0, -4, -7, 5, -7, 6, 0, -1,
    -6, -1, -3, -1, 0, -1, -1, -1,
    3, -6, -2, -1, -12, -1, 0, 0,
    -2, 0, 0, 0, -1, 5, 0, 0,
    0, -1, 0, 0, -3, 0, -8, 0,
    2, -9, -2, 4, -9, 3, -3, -3,
    -6, -5, 1, -9, -6, -9, 0, -3,
    0, 3, 2, 3, -7, -9, 0, 0,
    0, -3, 0, -6, 1, -5, -5, 0,
    0, 0, 0, 0, 0, 1, 1, -3,
    0, 0, 0, -2, 0, 0, 0, -1,
    0, 0, 0, 0, 0, 0, 0, 0,
    -1, 0, 0, 0, 0, 0, 0, 0,
    0, 0, 0, -1, 7, 6, 0, 0,
    0, 10, 0, -8, -9, -9, -4, 9,
    0, 3, -3, 0, 6, -3, 0, -12,
    0, 0, 0, 14, 10, -3, -6, 0,
    0, 0, 0, 0, 0, 0, 0, 0,
    -12, 0, 0, 0, 0, 0, 0, 0,
    6, 0, 4, 0, 0, 0, 0, 3,
    0, 1, 3, 0, 0, 0, 0, 0,
    0, 0, 1, 0, 1, 0, 0, 0,
    0, 0, 1, 0, 0, 0, 0, 0,
    0, 0, 0, 0, 5, -3, 2, 1,
    0, -2, 0, 0, 1, 1, 0, 0,
    0, 0, -3, 0, 0, -15, 0, 3,
    0, 0, 0, 0, 0, 0, 0, 0,
    0, 0, 1, 0, 6, 6, 8, 0,
    0, 9, 0, -20, -15, 0, 14, 9,
    5, -12, 1, 10, 0, 9, 0, 6,
    3, 0, 17, 0, 0, 0, -5, 0,
    0, 0, 0, 0, 0, 0, 0, -15,
    0, 0, -1, 0, 0, 0, 0, 0,
    0, 0, 0, -1, 0, 0, 0, 0,
    0, 0, 0, 0, 10, 0, 0, -18,
    0, 0, 0, 0, 0, 0, 0, 0,
    0, 0, 0, 0, 0, -2, -15, 0,
    -17, -3, 0, -25, -12, 2, 12, -16,
    -14, 0, 0, -14, 0, -14, -14, 0,
    -2, -40, -17, 0, -23, 5, 14, 0,
    -15, 5, -1, -14, 2, -19, -1, -27,
    -3, -2
};


/*Collect the kern class' data in one place*/
static const lv_font_fmt_txt_kern_classes_t kern_classes =
{
    .class_pair_values   = kern_class_values,
    .left_class_mapping  = kern_left_class_mapping,
    .right_class_mapping = kern_right_class_mapping,
    .left_class_cnt      = 34,
    .right_class_cnt     = 37,
};

/*--------------------
 *  ALL CUSTOM DATA
 *--------------------*/

#if LVGL_VERSION_MAJOR == 8
/*Store all the custom data of the font*/
static  lv_font_fmt_txt_glyph_cache_t cache;
#endif

#if LVGL_VERSION_MAJOR >= 8
static const lv_font_fmt_txt_dsc_t font_dsc = {
#else
static lv_font_fmt_txt_dsc_t font_dsc = {
#endif
    .glyph_bitmap = glyph_bitmap,
    .glyph_dsc = glyph_dsc,
    .cmaps = cmaps,
    .kern_dsc = &kern_classes,
    .kern_scale = 16,
    .cmap_num = 4,
    .bpp = 4,
    .kern_classes = 1,
    .bitmap_format = 0,
#if LVGL_VERSION_MAJOR == 8
    .cache = &cache
#endif
};



/*-----------------
 *  PUBLIC FONT
 *----------------*/

/*Initialize a public general font descriptor*/
#if LVGL_VERSION_MAJOR >= 8
const lv_font_t nectar_semibold_22 = {
#else
lv_font_t nectar_semibold_22 = {
#endif
    .get_glyph_dsc = lv_font_get_glyph_dsc_fmt_txt,    /*Function pointer to get glyph's data*/
    .get_glyph_bitmap = lv_font_get_bitmap_fmt_txt,    /*Function pointer to get glyph's bitmap*/
    .line_height = 24,          /*The maximum line height required by the font*/
    .base_line = 5,             /*Baseline measured from the bottom of the line*/
#if !(LVGL_VERSION_MAJOR == 6 && LVGL_VERSION_MINOR == 0)
    .subpx = LV_FONT_SUBPX_NONE,
#endif
#if LV_VERSION_CHECK(7, 4, 0) || LVGL_VERSION_MAJOR >= 8
    .underline_position = -2,
    .underline_thickness = 1,
#endif
    .dsc = &font_dsc,          /*The custom font data. Will be accessed by `get_glyph_bitmap/dsc` */
#if LV_VERSION_CHECK(8, 2, 0) || LVGL_VERSION_MAJOR >= 9
    .fallback = NULL,
#endif
    .user_data = NULL,
};



#endif /*#if NECTAR_SEMIBOLD_22*/

